ticker,file_name,year,quarter_label,call_datetime_et,after_market_close_et,event_trading_day_final,CAR_01,CAR_03,pre_volatility,post_volatility,volatility_change,file_path,call_date_from_filename,call_datetime_header_raw,call_datetime_parsed,call_datetime_gmt,call_time_gmt,call_time_et,error
AAPL,2016-Jan-26-AAPL.txt,2016,Q1,2016-01-26T17:00:00-05:00,True,2016-01-27,-0.043240953059414,-0.045063426244922,0.0240051281686885,0.0184187461978177,-0.0055863819708708,data/raw/earnings-call-transcripts/Transcripts/AAPL/2016-Jan-26-AAPL.txt,2016-01-26,"JANUARY 26, 2016 / 10:00PM GMT",2016-01-26T22:00:00+00:00,2016-01-26T22:00:00+00:00,22:00:00,17:00:00,
AAPL,2016-Apr-26-AAPL.txt,2016,Q2,2016-04-26T17:00:00-04:00,True,2016-04-27,-0.0741814632586486,-0.0890012911876353,0.0105505631764982,0.0124545819531554,0.0019040187766571,data/raw/earnings-call-transcripts/Transcripts/AAPL/2016-Apr-26-AAPL.txt,2016-04-26,"APRIL 26, 2016 / 9:00PM GMT",2016-04-26T21:00:00+00:00,2016-04-26T21:00:00+00:00,21:00:00,17:00:00,
AAPL,2016-Jul-26-AAPL.txt,2016,Q3,2016-07-26T17:00:00-04:00,True,2016-07-27,0.071901457839557,0.0844080901179106,0.0097059142126105,0.0104936208902229,0.0007877066776124,data/raw/earnings-call-transcripts/Transcripts/AAPL/2016-Jul-26-AAPL.txt,2016-07-26,"JULY 26, 2016 / 9:00PM GMT",2016-07-26T21:00:00+00:00,2016-07-26T21:00:00+00:00,21:00:00,17:00:00,
AAPL,2016-Oct-25-AAPL.txt,2016,Q4,2016-10-25T17:00:00-04:00,True,2016-10-26,-0.0231607085400929,-0.0290673682897185,0.0049976292497934,0.0092934373860268,0.0042958081362333,data/raw/earnings-call-transcripts/Transcripts/AAPL/2016-Oct-25-AAPL.txt,2016-10-25,"OCTOBER 25, 2016 / 9:00PM GMT",2016-10-25T21:00:00+00:00,2016-10-25T21:00:00+00:00,21:00:00,17:00:00,
AAPL,2017-Jan-31-AAPL.txt,2017,Q1,2017-01-31T17:00:00-05:00,True,2017-02-01,0.0550925188336023,0.0636487150882365,0.005383134470786,0.0049570981572232,-0.0004260363135628,data/raw/earnings-call-transcripts/Transcripts/AAPL/2017-Jan-31-AAPL.txt,2017-01-31,"JANUARY 31, 2017 / 10:00PM GMT",2017-01-31T22:00:00+00:00,2017-01-31T22:00:00+00:00,22:00:00,17:00:00,
AAPL,2017-May-02-AAPL.txt,2017,Q2,2017-05-02T17:00:00-04:00,True,2017-05-03,-0.0066290912744877,0.0298635797469683,0.0081678548394893,0.0164134936093125,0.0082456387698231,data/raw/earnings-call-transcripts/Transcripts/AAPL/2017-May-02-AAPL.txt,2017-05-02,"MAY 02, 2017 / 9:00PM GMT",2017-05-02T21:00:00+00:00,2017-05-02T21:00:00+00:00,21:00:00,17:00:00,
AAPL,2017-Aug-01-AAPL.txt,2017,Q3,2017-08-01T17:00:00-04:00,True,2017-08-02,0.0415181097353505,0.0539249563573327,0.0091825755504305,0.0147399974110549,0.0055574218606243,data/raw/earnings-call-transcripts/Transcripts/AAPL/2017-Aug-01-AAPL.txt,2017-08-01,"AUGUST 01, 2017 / 9:00PM GMT",2017-08-01T21:00:00+00:00,2017-08-01T21:00:00+00:00,21:00:00,17:00:00,
AAPL,2017-Nov-02-AAPL.txt,2017,Q4,2017-11-02T17:00:00-04:00,True,2017-11-03,0.0244682295404812,0.0369753891150342,0.0138252345297035,0.0092972537734649,-0.0045279807562385,data/raw/earnings-call-transcripts/Transcripts/AAPL/2017-Nov-02-AAPL.txt,2017-11-02,"NOVEMBER 02, 2017 / 9:00PM GMT",2017-11-02T21:00:00+00:00,2017-11-02T21:00:00+00:00,21:00:00,17:00:00,
AAPL,2018-Feb-01-AAPL.txt,2018,Q1,2018-02-01T17:00:00-05:00,True,2018-02-02,0.0079481998508531,0.013281197599816,0.0088784583010564,0.0264771502051486,0.0175986919040922,data/raw/earnings-call-transcripts/Transcripts/AAPL/2018-Feb-01-AAPL.txt,2018-02-01,"FEBRUARY 01, 2018 / 10:00PM GMT",2018-02-01T22:00:00+00:00,2018-02-01T22:00:00+00:00,22:00:00,17:00:00,
AAPL,2018-May-01-AAPL.txt,2018,Q2,2018-05-01T17:00:00-04:00,True,2018-05-02,0.0528674456416671,0.0749468920192204,0.0196197481887745,0.0132999424064964,-0.0063198057822781,data/raw/earnings-call-transcripts/Transcripts/AAPL/2018-May-01-AAPL.txt,2018-05-01,"MAY 01, 2018 / 9:00PM GMT",2018-05-01T21:00:00+00:00,2018-05-01T21:00:00+00:00,21:00:00,17:00:00,
AAPL,2018-Jul-31-AAPL.txt,2018,Q3,2018-07-31T17:00:00-04:00,True,2018-08-01,0.0699444762481989,0.0691456256624077,0.0078637443217476,0.0099857107739135,0.0021219664521658,data/raw/earnings-call-transcripts/Transcripts/AAPL/2018-Jul-31-AAPL.txt,2018-07-31,"JULY 31, 2018 / 9:00PM GMT",2018-07-31T21:00:00+00:00,2018-07-31T21:00:00+00:00,21:00:00,17:00:00,
AAPL,2018-Nov-01-AAPL.txt,2018,Q4,2018-11-01T17:00:00-04:00,True,2018-11-02,-0.0828817249843621,-0.0778511046295056,0.0196348860938546,0.0258163162632245,0.0061814301693698,data/raw/earnings-call-transcripts/Transcripts/AAPL/2018-Nov-01-AAPL.txt,2018-11-01,"NOVEMBER 01, 2018 / 9:00PM GMT",2018-11-01T21:00:00+00:00,2018-11-01T21:00:00+00:00,21:00:00,17:00:00,
AAPL,2019-Jan-29-AAPL.txt,2019,Q1,2019-01-29T17:00:00-05:00,True,2019-01-30,0.0353468573977104,0.0550601658673284,0.0163751485960138,0.0129851792181475,-0.0033899693778662,data/raw/earnings-call-transcripts/Transcripts/AAPL/2019-Jan-29-AAPL.txt,2019-01-29,"JANUARY 29, 2019 / 10:00PM GMT",2019-01-29T22:00:00+00:00,2019-01-29T22:00:00+00:00,22:00:00,17:00:00,
AAPL,2019-Apr-30-AAPL.txt,2019,Q2,2019-04-30T17:00:00-04:00,True,2019-05-01,0.0550103580599953,0.0400322140256959,0.0109828928730261,0.0221357977863141,0.0111529049132879,data/raw/earnings-call-transcripts/Transcripts/AAPL/2019-Apr-30-AAPL.txt,2019-04-30,"APRIL 30, 2019 / 9:00PM GMT",2019-04-30T21:00:00+00:00,2019-04-30T21:00:00+00:00,21:00:00,17:00:00,
AAPL,2019-Jul-30-AAPL.txt,2019,Q3,2019-07-30T17:00:00-04:00,True,2019-07-31,0.0216494124810832,0.0051646992515999,0.0110681952948123,0.0282558932570159,0.0171876979622036,data/raw/earnings-call-transcripts/Transcripts/AAPL/2019-Jul-30-AAPL.txt,2019-07-30,"JULY 30, 2019 / 9:00PM GMT",2019-07-30T21:00:00+00:00,2019-07-30T21:00:00+00:00,21:00:00,17:00:00,
AAPL,2019-Oct-30-AAPL.txt,2019,Q4,2019-10-30T17:00:00-04:00,True,2019-10-31,0.0356624946690685,0.0308294529399016,0.0114033047350579,0.0097738519668114,-0.0016294527682465,data/raw/earnings-call-transcripts/Transcripts/AAPL/2019-Oct-30-AAPL.txt,2019-10-30,"OCTOBER 30, 2019 / 9:00PM GMT",2019-10-30T21:00:00+00:00,2019-10-30T21:00:00+00:00,21:00:00,17:00:00,
AAPL,2020-Jan-28-AAPL.txt,2020,Q1,2020-01-28T17:00:00-05:00,True,2020-01-29,0.0108559387896343,-0.0379752534933241,0.0157556677960773,0.0212367864902121,0.0054811186941347,data/raw/earnings-call-transcripts/Transcripts/AAPL/2020-Jan-28-AAPL.txt,2020-01-28,"JANUARY 28, 2020 / 10:00PM GMT",2020-01-28T22:00:00+00:00,2020-01-28T22:00:00+00:00,22:00:00,17:00:00,
AAPL,2020-Apr-30-AAPL.txt,2020,Q2,2020-04-30T17:00:00-04:00,True,2020-05-01,0.0183526044355814,0.0231657416378225,0.023482208812449,0.0123170177786638,-0.0111651910337851,data/raw/earnings-call-transcripts/Transcripts/AAPL/2020-Apr-30-AAPL.txt,2020-04-30,"APRIL 30, 2020 / 9:00PM GMT",2020-04-30T21:00:00+00:00,2020-04-30T21:00:00+00:00,21:00:00,17:00:00,
AAPL,2020-Jul-30-AAPL.txt,2020,Q3,2020-07-30T17:00:00-04:00,True,2020-07-31,0.0964997597441051,0.095975631092071,0.0212646891402185,0.0217577961943877,0.0004931070541691,data/raw/earnings-call-transcripts/Transcripts/AAPL/2020-Jul-30-AAPL.txt,2020-07-30,"JULY 30, 2020 / 9:00PM GMT",2020-07-30T21:00:00+00:00,2020-07-30T21:00:00+00:00,21:00:00,17:00:00,
AMD,2016-Jan-19-AMD.txt,2016,Q1,2016-01-19T17:00:00-05:00,True,2016-01-20,0.0770907446357116,0.0734089281928314,0.0578084905013672,0.0662752601532412,0.008466769651874,data/raw/earnings-call-transcripts/Transcripts/AMD/2016-Jan-19-AMD.txt,2016-01-19,"JANUARY 19, 2016 / 10:00PM GMT",2016-01-19T22:00:00+00:00,2016-01-19T22:00:00+00:00,22:00:00,17:00:00,
AMD,2016-Apr-21-AMD.txt,2016,Q2,2016-04-21T17:00:00-04:00,True,2016-04-22,0.3954437421311877,0.4776271687805368,0.0290114434131775,0.0556152639187352,0.0266038205055576,data/raw/earnings-call-transcripts/Transcripts/AMD/2016-Apr-21-AMD.txt,2016-04-21,"APRIL 21, 2016 / 9:00PM GMT",2016-04-21T21:00:00+00:00,2016-04-21T21:00:00+00:00,21:00:00,17:00:00,
AMD,2016-Jul-21-AMD.txt,2016,Q3,2016-07-21T17:00:00-04:00,True,2016-07-22,0.2412673148821471,0.2354167355026718,0.0301339234946822,0.0552562303157763,0.0251223068210941,data/raw/earnings-call-transcripts/Transcripts/AMD/2016-Jul-21-AMD.txt,2016-07-21,"JULY 21, 2016 / 9:00PM GMT",2016-07-21T21:00:00+00:00,2016-07-21T21:00:00+00:00,21:00:00,17:00:00,
AMD,2016-Oct-20-AMD.txt,2016,Q4,2016-10-20T17:00:00-04:00,True,2016-10-21,-0.0179177416072437,0.0322209016649319,0.0277559460747924,0.0410200593131862,0.0132641132383938,data/raw/earnings-call-transcripts/Transcripts/AMD/2016-Oct-20-AMD.txt,2016-10-20,"OCTOBER 20, 2016 / 9:00PM GMT",2016-10-20T21:00:00+00:00,2016-10-20T21:00:00+00:00,21:00:00,17:00:00,
AMD,2017-Jan-31-AMD.txt,2017,Q1,2017-01-31T17:00:00-05:00,True,2017-02-01,0.1617027537481355,0.2499878507949902,0.0212522123971373,0.0391119757527642,0.0178597633556268,data/raw/earnings-call-transcripts/Transcripts/AMD/2017-Jan-31-AMD.txt,2017-01-31,"JANUARY 31, 2017 / 10:00PM GMT",2017-01-31T22:00:00+00:00,2017-01-31T22:00:00+00:00,22:00:00,17:00:00,
AMD,2017-May-01-AMD.txt,2017,Q2,2017-05-01T17:00:00-04:00,True,2017-05-02,-0.2358123776090404,-0.2764378706845702,0.0169639343652535,0.0405080343891861,0.0235441000239326,data/raw/earnings-call-transcripts/Transcripts/AMD/2017-May-01-AMD.txt,2017-05-01,"MAY 01, 2017 / 9:00PM GMT",2017-05-01T21:00:00+00:00,2017-05-01T21:00:00+00:00,21:00:00,17:00:00,
AMD,2017-Jul-25-AMD.txt,2017,Q3,2017-07-25T17:00:00-04:00,True,2017-07-26,0.0149513760636414,-0.0074847574136006,0.0255737013661314,0.0187215654911241,-0.0068521358750073,data/raw/earnings-call-transcripts/Transcripts/AMD/2017-Jul-25-AMD.txt,2017-07-25,"JULY 25, 2017 / 9:00PM GMT",2017-07-25T21:00:00+00:00,2017-07-25T21:00:00+00:00,21:00:00,17:00:00,
AMD,2017-Oct-24-AMD.txt,2017,Q4,2017-10-24T17:00:00-04:00,True,2017-10-25,-0.1475407797388833,-0.2987073213316026,0.0123390180158701,0.0399209166793418,0.0275818986634716,data/raw/earnings-call-transcripts/Transcripts/AMD/2017-Oct-24-AMD.txt,2017-10-24,"OCTOBER 24, 2017 / 9:00PM GMT",2017-10-24T21:00:00+00:00,2017-10-24T21:00:00+00:00,21:00:00,17:00:00,
AMD,2018-Jan-30-AMD.txt,2018,Q1,2018-01-30T17:00:00-05:00,True,2018-01-31,0.0438440358544622,0.0470994529397623,0.0253734418035873,0.0369374339799703,0.011563992176383,data/raw/earnings-call-transcripts/Transcripts/AMD/2018-Jan-30-AMD.txt,2018-01-30,"JANUARY 30, 2018 / 10:00PM GMT",2018-01-30T22:00:00+00:00,2018-01-30T22:00:00+00:00,22:00:00,17:00:00,
AMD,2018-Apr-25-AMD.txt,2018,Q2,2018-04-25T17:30:00-04:00,True,2018-04-26,0.1248928076097008,0.1276019993579616,0.0245258091991218,0.0187378574038762,-0.0057879517952455,data/raw/earnings-call-transcripts/Transcripts/AMD/2018-Apr-25-AMD.txt,2018-04-25,"APRIL 25, 2018 / 9:30PM GMT",2018-04-25T21:30:00+00:00,2018-04-25T21:30:00+00:00,21:30:00,17:30:00,
AMD,2018-Jul-25-AMD.txt,2018,Q3,2018-07-25T17:30:00-04:00,True,2018-07-26,0.2083030762396275,0.186833114607948,0.0165700722729535,0.0306664397080336,0.01409636743508,data/raw/earnings-call-transcripts/Transcripts/AMD/2018-Jul-25-AMD.txt,2018-07-25,"JULY 25, 2018 / 9:30PM GMT",2018-07-25T21:30:00+00:00,2018-07-25T21:30:00+00:00,21:30:00,17:30:00,
AMD,2018-Oct-24-AMD.txt,2018,Q4,2018-10-24T17:30:00-04:00,True,2018-10-25,-0.2681871503317021,-0.3111827043742401,0.0599447401721157,0.0575868554816082,-0.0023578846905074,data/raw/earnings-call-transcripts/Transcripts/AMD/2018-Oct-24-AMD.txt,2018-10-24,"OCTOBER 24, 2018 / 9:30PM GMT",2018-10-24T21:30:00+00:00,2018-10-24T21:30:00+00:00,21:30:00,17:30:00,
AMD,2019-Jan-29-AMD.txt,2019,Q1,2019-01-29T17:30:00-05:00,True,2019-01-30,0.1884067168569319,0.1546242260510714,0.0454866020742611,0.0250718333502671,-0.020414768723994,data/raw/earnings-call-transcripts/Transcripts/AMD/2019-Jan-29-AMD.txt,2019-01-29,"JANUARY 29, 2019 / 10:30PM GMT",2019-01-29T22:30:00+00:00,2019-01-29T22:30:00+00:00,22:30:00,17:30:00,
AMD,2019-Apr-30-AMD.txt,2019,Q2,2019-04-30T17:30:00-04:00,True,2019-05-01,0.0373276086216965,-0.021938522681295,0.0161814540358502,0.0351482002374242,0.018966746201574,data/raw/earnings-call-transcripts/Transcripts/AMD/2019-Apr-30-AMD.txt,2019-04-30,"APRIL 30, 2019 / 9:30PM GMT",2019-04-30T21:30:00+00:00,2019-04-30T21:30:00+00:00,21:30:00,17:30:00,
AMD,2019-Jul-30-AMD.txt,2019,Q3,2019-07-30T17:30:00-04:00,True,2019-07-31,-0.0870468298931649,-0.0649357681584882,0.0152294052006235,0.063722661157406,0.0484932559567825,data/raw/earnings-call-transcripts/Transcripts/AMD/2019-Jul-30-AMD.txt,2019-07-30,"JULY 30, 2019 / 9:30PM GMT",2019-07-30T21:30:00+00:00,2019-07-30T21:30:00+00:00,21:30:00,17:30:00,
AMD,2019-Oct-29-AMD.txt,2019,Q4,2019-10-29T17:30:00-04:00,True,2019-10-30,0.0213039637732346,0.0548391505133565,0.0195603315216734,0.0154727531583616,-0.0040875783633117,data/raw/earnings-call-transcripts/Transcripts/AMD/2019-Oct-29-AMD.txt,2019-10-29,"OCTOBER 29, 2019 / 9:30PM GMT",2019-10-29T21:30:00+00:00,2019-10-29T21:30:00+00:00,21:30:00,17:30:00,
AMD,2020-Jan-28-AMD.txt,2020,Q1,2020-01-28T17:30:00-05:00,True,2020-01-29,-0.0436942549124189,-0.0577801802446988,0.0186256817457064,0.0245545143358151,0.0059288325901087,data/raw/earnings-call-transcripts/Transcripts/AMD/2020-Jan-28-AMD.txt,2020-01-28,"JANUARY 28, 2020 / 10:30PM GMT",2020-01-28T22:30:00+00:00,2020-01-28T22:30:00+00:00,22:30:00,17:30:00,
AMD,2020-Apr-28-AMD.txt,2020,Q2,2020-04-28T17:30:00-04:00,True,2020-04-29,-0.1051584462353422,-0.0823167861360674,0.0332533215632782,0.0345624505293024,0.0013091289660242,data/raw/earnings-call-transcripts/Transcripts/AMD/2020-Apr-28-AMD.txt,2020-04-28,"APRIL 28, 2020 / 9:30PM GMT",2020-04-28T21:30:00+00:00,2020-04-28T21:30:00+00:00,21:30:00,17:30:00,
AMD,2020-Jul-28-AMD.txt,2020,Q3,2020-07-28T17:00:00-04:00,True,2020-07-29,0.1308506423802358,0.0874620481428383,0.0605068616433042,0.0477381196189673,-0.0127687420243369,data/raw/earnings-call-transcripts/Transcripts/AMD/2020-Jul-28-AMD.txt,2020-07-28,"JULY 28, 2020 / 9:00PM GMT",2020-07-28T21:00:00+00:00,2020-07-28T21:00:00+00:00,21:00:00,17:00:00,
AMZN,2016-Jan-28-AMZN.txt,2016,Q1,2016-01-28T17:00:00-05:00,True,2016-01-29,-0.1339745006102433,-0.1851695856654798,0.0355194047455655,0.0290756886390543,-0.0064437161065112,data/raw/earnings-call-transcripts/Transcripts/AMZN/2016-Jan-28-AMZN.txt,2016-01-28,"JANUARY 28, 2016 / 10:00PM GMT",2016-01-28T22:00:00+00:00,2016-01-28T22:00:00+00:00,22:00:00,17:00:00,
AMZN,2016-Apr-28-AMZN.txt,2016,Q2,2016-04-28T17:00:00-04:00,True,2016-04-29,0.1293076277420769,0.1328020650690892,0.0121986897225842,0.0198991052254443,0.00770041550286,data/raw/earnings-call-transcripts/Transcripts/AMZN/2016-Apr-28-AMZN.txt,2016-04-28,"APRIL 28, 2016 / 9:00PM GMT",2016-04-28T21:00:00+00:00,2016-04-28T21:00:00+00:00,21:00:00,17:00:00,
AMZN,2016-Jul-28-AMZN.txt,2016,Q3,2016-07-28T17:30:00-04:00,True,2016-07-29,0.0094118781987561,-0.0086475547516124,0.0086808039488283,0.006560186195641,-0.0021206177531872,data/raw/earnings-call-transcripts/Transcripts/AMZN/2016-Jul-28-AMZN.txt,2016-07-28,"JULY 28, 2016 / 9:30PM GMT",2016-07-28T21:30:00+00:00,2016-07-28T21:30:00+00:00,21:30:00,17:30:00,
AMZN,2016-Oct-27-AMZN.txt,2016,Q4,2016-10-27T17:30:00-04:00,True,2016-10-28,-0.0321845452852329,-0.0522998039832593,0.0116849195620835,0.0222761739586597,0.0105912543965762,data/raw/earnings-call-transcripts/Transcripts/AMZN/2016-Oct-27-AMZN.txt,2016-10-27,"OCTOBER 27, 2016 / 9:30PM GMT",2016-10-27T21:30:00+00:00,2016-10-27T21:30:00+00:00,21:30:00,17:30:00,
AMZN,2017-Feb-02-AMZN.txt,2017,Q1,2017-02-02T17:30:00-05:00,True,2017-02-03,-0.0440419643521789,-0.0326228246665998,0.008544566762297,0.0045494223277542,-0.0039951444345427,data/raw/earnings-call-transcripts/Transcripts/AMZN/2017-Feb-02-AMZN.txt,2017-02-02,"FEBRUARY 02, 2017 / 10:30PM GMT",2017-02-02T22:30:00+00:00,2017-02-02T22:30:00+00:00,22:30:00,17:30:00,
AMZN,2017-Apr-27-AMZN.txt,2017,Q2,2017-04-27T17:30:00-04:00,True,2017-04-28,0.0246465096751181,0.0213949060055247,0.0090932208564731,0.0107701023804516,0.0016768815239784,data/raw/earnings-call-transcripts/Transcripts/AMZN/2017-Apr-27-AMZN.txt,2017-04-27,"APRIL 27, 2017 / 9:30PM GMT",2017-04-27T21:30:00+00:00,2017-04-27T21:30:00+00:00,21:30:00,17:30:00,
AMZN,2017-Jul-27-AMZN.txt,2017,Q3,2017-07-27T17:30:00-04:00,True,2017-07-28,-0.0530413895515906,-0.0492693074064262,0.0071108506204518,0.0140178083018437,0.0069069576813918,data/raw/earnings-call-transcripts/Transcripts/AMZN/2017-Jul-27-AMZN.txt,2017-07-27,"JULY 27, 2017 / 9:30PM GMT",2017-07-27T21:30:00+00:00,2017-07-27T21:30:00+00:00,21:30:00,17:30:00,
AMZN,2017-Oct-26-AMZN.txt,2017,Q4,2017-10-26T17:30:00-04:00,True,2017-10-27,0.1162037415260375,0.1077436870975741,0.0081839877373387,0.0078374219203454,-0.0003465658169932,data/raw/earnings-call-transcripts/Transcripts/AMZN/2017-Oct-26-AMZN.txt,2017-10-26,"OCTOBER 26, 2017 / 9:30PM GMT",2017-10-26T21:30:00+00:00,2017-10-26T21:30:00+00:00,21:30:00,17:30:00,
AMZN,2018-Feb-01-AMZN.txt,2018,Q1,2018-02-01T17:30:00-05:00,True,2018-02-02,0.1071337550607371,0.1041956383056405,0.0197521363741239,0.0282988443022377,0.0085467079281138,data/raw/earnings-call-transcripts/Transcripts/AMZN/2018-Feb-01-AMZN.txt,2018-02-01,"FEBRUARY 01, 2018 / 10:30PM GMT",2018-02-01T22:30:00+00:00,2018-02-01T22:30:00+00:00,22:30:00,17:30:00,
AMZN,2018-Apr-26-AMZN.txt,2018,Q2,2018-04-26T17:30:00-04:00,True,2018-04-27,0.0351813176003552,0.0278642135717872,0.0255065931171884,0.0071893513208349,-0.0183172417963535,data/raw/earnings-call-transcripts/Transcripts/AMZN/2018-Apr-26-AMZN.txt,2018-04-26,"APRIL 26, 2018 / 9:30PM GMT",2018-04-26T21:30:00+00:00,2018-04-26T21:30:00+00:00,21:30:00,17:30:00,
AMZN,2018-Jul-26-AMZN.txt,2018,Q3,2018-07-26T17:30:00-04:00,True,2018-07-27,0.016250582744217,0.0112835545085344,0.0149882017446143,0.0123544646622709,-0.0026337370823433,data/raw/earnings-call-transcripts/Transcripts/AMZN/2018-Jul-26-AMZN.txt,2018-07-26,"JULY 26, 2018 / 9:30PM GMT",2018-07-26T21:30:00+00:00,2018-07-26T21:30:00+00:00,21:30:00,17:30:00,
AMZN,2018-Oct-25-AMZN.txt,2018,Q4,2018-10-25T17:30:00-04:00,True,2018-10-26,-0.0948368683023578,-0.1052048136979398,0.0377479433945689,0.0386206864784838,0.0008727430839149,data/raw/earnings-call-transcripts/Transcripts/AMZN/2018-Oct-25-AMZN.txt,2018-10-25,"OCTOBER 25, 2018 / 9:30PM GMT",2018-10-25T21:30:00+00:00,2018-10-25T21:30:00+00:00,21:30:00,17:30:00,
AMZN,2019-Jan-31-AMZN.txt,2019,Q1,2019-01-31T17:30:00-05:00,True,2019-02-01,-0.0673092792589957,-0.0718399043583642,0.0254882696330101,0.0147580295586456,-0.0107302400743644,data/raw/earnings-call-transcripts/Transcripts/AMZN/2019-Jan-31-AMZN.txt,2019-01-31,"JANUARY 31, 2019 / 10:30PM GMT",2019-01-31T22:30:00+00:00,2019-01-31T22:30:00+00:00,22:30:00,17:30:00,
AMZN,2019-Apr-25-AMZN.txt,2019,Q2,2019-04-25T17:30:00-04:00,True,2019-04-26,0.0095311342091577,0.0168073297250237,0.0088858136054398,0.012948478064108,0.0040626644586682,data/raw/earnings-call-transcripts/Transcripts/AMZN/2019-Apr-25-AMZN.txt,2019-04-25,"APRIL 25, 2019 / 9:30PM GMT",2019-04-25T21:30:00+00:00,2019-04-25T21:30:00+00:00,21:30:00,17:30:00,
AMZN,2019-Jul-25-AMZN.txt,2019,Q3,2019-07-25T17:30:00-04:00,True,2019-07-26,-0.0406600186806104,-0.0477037602548651,0.0079156586179734,0.0159219902654003,0.0080063316474269,data/raw/earnings-call-transcripts/Transcripts/AMZN/2019-Jul-25-AMZN.txt,2019-07-25,"JULY 25, 2019 / 9:30PM GMT",2019-07-25T21:30:00+00:00,2019-07-25T21:30:00+00:00,21:30:00,17:30:00,
AMZN,2019-Oct-24-AMZN.txt,2019,Q4,2019-10-24T17:30:00-04:00,True,2019-10-25,-0.0180782276460044,-0.0117077925776954,0.0109988946139196,0.0065139870748324,-0.0044849075390871,data/raw/earnings-call-transcripts/Transcripts/AMZN/2019-Oct-24-AMZN.txt,2019-10-24,"OCTOBER 24, 2019 / 9:30PM GMT",2019-10-24T21:30:00+00:00,2019-10-24T21:30:00+00:00,21:30:00,17:30:00,
AMZN,2020-Jan-30-AMZN.txt,2020,Q1,2020-01-30T17:30:00-05:00,True,2020-01-31,0.075871898212867,0.0697146879649085,0.0107960575007291,0.0116923182994047,0.0008962607986756,data/raw/earnings-call-transcripts/Transcripts/AMZN/2020-Jan-30-AMZN.txt,2020-01-30,"JANUARY 30, 2020 / 10:30PM GMT",2020-01-30T22:30:00+00:00,2020-01-30T22:30:00+00:00,22:30:00,17:30:00,
AMZN,2020-Apr-30-AMZN.txt,2020,Q2,2020-04-30T17:30:00-04:00,True,2020-05-01,-0.0527757948817907,-0.0511803721769588,0.0229522701293622,0.0103607883800267,-0.0125914817493354,data/raw/earnings-call-transcripts/Transcripts/AMZN/2020-Apr-30-AMZN.txt,2020-04-30,"APRIL 30, 2020 / 9:30PM GMT",2020-04-30T21:30:00+00:00,2020-04-30T21:30:00+00:00,21:30:00,17:30:00,
AMZN,2020-Jul-30-AMZN.txt,2020,Q3,2020-07-30T17:30:00-04:00,True,2020-07-31,-0.0057682863258041,0.0123103325021463,0.0316190826291148,0.0162219232357322,-0.0153971593933826,data/raw/earnings-call-transcripts/Transcripts/AMZN/2020-Jul-30-AMZN.txt,2020-07-30,"JULY 30, 2020 / 9:30PM GMT",2020-07-30T21:30:00+00:00,2020-07-30T21:30:00+00:00,21:30:00,17:30:00,
ASML,2016-Jan-20-ASML.txt,2016,Q1,2016-01-20T09:00:00-05:00,False,2016-01-20,0.0888377395947431,0.1091099014325129,0.033170847562853,0.0220692237911751,-0.0111016237716778,data/raw/earnings-call-transcripts/Transcripts/ASML/2016-Jan-20-ASML.txt,2016-01-20,"JANUARY 20, 2016 / 2:00PM GMT",2016-01-20T14:00:00+00:00,2016-01-20T14:00:00+00:00,14:00:00,09:00:00,
ASML,2016-Apr-20-ASML.txt,2016,Q2,2016-04-20T09:00:00-04:00,False,2016-04-20,-0.0429998807695866,-0.0319771101555911,0.0102801302744114,0.0140146334523552,0.0037345031779438,data/raw/earnings-call-transcripts/Transcripts/ASML/2016-Apr-20-ASML.txt,2016-04-20,"APRIL 20, 2016 / 1:00PM GMT",2016-04-20T13:00:00+00:00,2016-04-20T13:00:00+00:00,13:00:00,09:00:00,
ASML,2016-Jul-20-ASML.txt,2016,Q3,2016-07-20T09:00:00-04:00,False,2016-07-20,-0.00902901982279,-0.0049112449037541,0.0143364873897517,0.0120931679664731,-0.0022433194232786,data/raw/earnings-call-transcripts/Transcripts/ASML/2016-Jul-20-ASML.txt,2016-07-20,"JULY 20, 2016 / 1:00PM GMT",2016-07-20T13:00:00+00:00,2016-07-20T13:00:00+00:00,13:00:00,09:00:00,
ASML,2016-Oct-19-ASML.txt,2016,Q4,2016-10-19T09:00:00-04:00,False,2016-10-19,0.0133738926028113,0.0127093636036181,0.0162413094062995,0.009659930661036,-0.0065813787452635,data/raw/earnings-call-transcripts/Transcripts/ASML/2016-Oct-19-ASML.txt,2016-10-19,"OCTOBER 19, 2016 / 1:00PM GMT",2016-10-19T13:00:00+00:00,2016-10-19T13:00:00+00:00,13:00:00,09:00:00,
ASML,2017-Jan-18-ASML.txt,2017,Q1,2017-01-18T09:00:00-05:00,False,2017-01-18,0.0532998372374548,0.0550343672587438,0.0087565632562231,0.0057331988410757,-0.0030233644151474,data/raw/earnings-call-transcripts/Transcripts/ASML/2017-Jan-18-ASML.txt,2017-01-18,"JANUARY 18, 2017 / 2:00PM GMT",2017-01-18T14:00:00+00:00,2017-01-18T14:00:00+00:00,14:00:00,09:00:00,
ASML,2017-Apr-19-ASML.txt,2017,Q2,2017-04-19T09:00:00-04:00,False,2017-04-19,-0.0159744221625545,-0.0017269524863963,0.0077287818420588,0.0126981650489744,0.0049693832069156,data/raw/earnings-call-transcripts/Transcripts/ASML/2017-Apr-19-ASML.txt,2017-04-19,"APRIL 19, 2017 / 1:00PM GMT",2017-04-19T13:00:00+00:00,2017-04-19T13:00:00+00:00,13:00:00,09:00:00,
ASML,2017-Jul-19-ASML.txt,2017,Q3,2017-07-19T09:00:00-04:00,False,2017-07-19,0.0638436389738294,0.0600461862435041,0.0086561364482687,0.0103638601641903,0.0017077237159216,data/raw/earnings-call-transcripts/Transcripts/ASML/2017-Jul-19-ASML.txt,2017-07-19,"JULY 19, 2017 / 1:00PM GMT",2017-07-19T13:00:00+00:00,2017-07-19T13:00:00+00:00,13:00:00,09:00:00,
ASML,2017-Oct-18-ASML.txt,2017,Q4,2017-10-18T09:00:00-04:00,False,2017-10-18,-0.0001568179625853,0.0124744535821755,0.0081035969319147,0.010452247535835,0.0023486506039202,data/raw/earnings-call-transcripts/Transcripts/ASML/2017-Oct-18-ASML.txt,2017-10-18,"OCTOBER 18, 2017 / 1:00PM GMT",2017-10-18T13:00:00+00:00,2017-10-18T13:00:00+00:00,13:00:00,09:00:00,
ASML,2018-Jan-17-ASML.txt,2018,Q1,2018-01-17T09:00:00-05:00,False,2018-01-17,0.0765898461617154,0.0677704487608555,0.0138165747448375,0.0159126930480514,0.0020961183032138,data/raw/earnings-call-transcripts/Transcripts/ASML/2018-Jan-17-ASML.txt,2018-01-17,"JANUARY 17, 2018 / 2:00PM GMT",2018-01-17T14:00:00+00:00,2018-01-17T14:00:00+00:00,14:00:00,09:00:00,
ASML,2018-Apr-18-ASML.txt,2018,Q2,2018-04-18T09:00:00-04:00,False,2018-04-18,-0.0771240276995838,-0.0768217754635911,0.016866116111001,0.0215327702474608,0.0046666541364597,data/raw/earnings-call-transcripts/Transcripts/ASML/2018-Apr-18-ASML.txt,2018-04-18,"APRIL 18, 2018 / 1:00PM GMT",2018-04-18T13:00:00+00:00,2018-04-18T13:00:00+00:00,13:00:00,09:00:00,
ASML,2018-Jul-18-ASML.txt,2018,Q3,2018-07-18T09:00:00-04:00,False,2018-07-18,0.0594045834162247,0.0825060956243129,0.0184127938411898,0.0170252650270532,-0.0013875288141365,data/raw/earnings-call-transcripts/Transcripts/ASML/2018-Jul-18-ASML.txt,2018-07-18,"JULY 18, 2018 / 1:00PM GMT",2018-07-18T13:00:00+00:00,2018-07-18T13:00:00+00:00,13:00:00,09:00:00,
ASML,2018-Oct-17-ASML.txt,2018,Q4,2018-10-17T09:00:00-04:00,False,2018-10-17,0.0092303849782028,0.0158842680487999,0.0282587002018666,0.0425677382191191,0.0143090380172524,data/raw/earnings-call-transcripts/Transcripts/ASML/2018-Oct-17-ASML.txt,2018-10-17,"OCTOBER 17, 2018 / 1:00PM GMT",2018-10-17T13:00:00+00:00,2018-10-17T13:00:00+00:00,13:00:00,09:00:00,
ASML,2019-Jan-23-ASML.txt,2019,Q1,2019-01-23T09:00:00-05:00,False,2019-01-23,0.050260627972771,0.0815754118480285,0.0205997030874559,0.0203238217096676,-0.0002758813777882,data/raw/earnings-call-transcripts/Transcripts/ASML/2019-Jan-23-ASML.txt,2019-01-23,"JANUARY 23, 2019 / 2:00PM GMT",2019-01-23T14:00:00+00:00,2019-01-23T14:00:00+00:00,14:00:00,09:00:00,
ASML,2019-Apr-17-ASML.txt,2019,Q2,2019-04-17T09:00:00-04:00,False,2019-04-17,0.0105267862719262,-0.0121124378198087,0.0147559338915648,0.0087108079606186,-0.0060451259309462,data/raw/earnings-call-transcripts/Transcripts/ASML/2019-Apr-17-ASML.txt,2019-04-17,"APRIL 17, 2019 / 1:00PM GMT",2019-04-17T13:00:00+00:00,2019-04-17T13:00:00+00:00,13:00:00,09:00:00,
ASML,2019-Jul-17-ASML.txt,2019,Q3,2019-07-17T09:00:00-04:00,False,2019-07-17,0.1042422062306147,0.1086069677985336,0.0071353912225481,0.0199340823214288,0.0127986910988806,data/raw/earnings-call-transcripts/Transcripts/ASML/2019-Jul-17-ASML.txt,2019-07-17,"JULY 17, 2019 / 1:00PM GMT",2019-07-17T13:00:00+00:00,2019-07-17T13:00:00+00:00,13:00:00,09:00:00,
ASML,2019-Oct-16-ASML.txt,2019,Q4,2019-10-16T09:00:00-04:00,False,2019-10-16,-0.0568825438066156,-0.0356830729782328,0.0180302461255827,0.0142653364493417,-0.0037649096762409,data/raw/earnings-call-transcripts/Transcripts/ASML/2019-Oct-16-ASML.txt,2019-10-16,"OCTOBER 16, 2019 / 1:00PM GMT",2019-10-16T13:00:00+00:00,2019-10-16T13:00:00+00:00,13:00:00,09:00:00,
ASML,2020-Jan-22-ASML.txt,2020,Q1,2020-01-22T09:00:00-05:00,False,2020-01-22,-0.0213069370979952,-0.0225259318330688,0.010358364245398,0.0284144103589568,0.0180560461135587,data/raw/earnings-call-transcripts/Transcripts/ASML/2020-Jan-22-ASML.txt,2020-01-22,"JANUARY 22, 2020 / 2:00PM GMT",2020-01-22T14:00:00+00:00,2020-01-22T14:00:00+00:00,14:00:00,09:00:00,
ASML,2020-Apr-15-ASML.txt,2020,Q2,2020-04-15T09:00:00-04:00,False,2020-04-15,0.0101950999906659,0.0037137971690234,0.0443340416849064,0.0277859126431746,-0.0165481290417318,data/raw/earnings-call-transcripts/Transcripts/ASML/2020-Apr-15-ASML.txt,2020-04-15,"APRIL 15, 2020 / 1:00PM GMT",2020-04-15T13:00:00+00:00,2020-04-15T13:00:00+00:00,13:00:00,09:00:00,
ASML,2020-Jul-15-ASML.txt,2020,Q3,2020-07-15T09:00:00-04:00,False,2020-07-15,-0.0293716180142804,-0.0472954097713217,0.0158045412305596,0.0277208974609787,0.011916356230419,data/raw/earnings-call-transcripts/Transcripts/ASML/2020-Jul-15-ASML.txt,2020-07-15,"JULY 15, 2020 / 1:00PM GMT",2020-07-15T13:00:00+00:00,2020-07-15T13:00:00+00:00,13:00:00,09:00:00,
CSCO,2016-Feb-10-CSCO.txt,2016,Q1,2016-02-10T16:30:00-05:00,True,2016-02-11,0.1020849487914446,0.1132933278190507,0.0191400751500545,0.0144152038007983,-0.0047248713492562,data/raw/earnings-call-transcripts/Transcripts/CSCO/2016-Feb-10-CSCO.txt,2016-02-10,"FEBRUARY 10, 2016 / 9:30PM GMT",2016-02-10T21:30:00+00:00,2016-02-10T21:30:00+00:00,21:30:00,16:30:00,
CSCO,2016-May-18-CSCO.txt,2016,Q2,2016-05-18T16:30:00-04:00,True,2016-05-19,0.0385891337998328,0.0370483793209362,0.0115386562001712,0.0081852487953966,-0.0033534074047745,data/raw/earnings-call-transcripts/Transcripts/CSCO/2016-May-18-CSCO.txt,2016-05-18,"MAY 18, 2016 / 8:30PM GMT",2016-05-18T20:30:00+00:00,2016-05-18T20:30:00+00:00,20:30:00,16:30:00,
CSCO,2016-Aug-17-CSCO.txt,2016,Q3,2016-08-17T16:30:00-04:00,True,2016-08-18,-0.0096944865595585,-6.703982613220048e-05,0.0064711621923518,0.0043338040133054,-0.0021373581790463,data/raw/earnings-call-transcripts/Transcripts/CSCO/2016-Aug-17-CSCO.txt,2016-08-17,"AUGUST 17, 2016 / 8:30PM GMT",2016-08-17T20:30:00+00:00,2016-08-17T20:30:00+00:00,20:30:00,16:30:00,
CSCO,2016-Nov-16-CSCO.txt,2016,Q4,2016-11-16T16:30:00-05:00,True,2016-11-17,-0.0485755339798621,-0.0693848715155849,0.0106672928817291,0.0069537046603093,-0.0037135882214198,data/raw/earnings-call-transcripts/Transcripts/CSCO/2016-Nov-16-CSCO.txt,2016-11-16,"NOVEMBER 16, 2016 / 9:30PM GMT",2016-11-16T21:30:00+00:00,2016-11-16T21:30:00+00:00,21:30:00,16:30:00,
CSCO,2017-Feb-15-CSCO.txt,2017,Q1,2017-02-15T16:30:00-05:00,True,2017-02-16,0.0266883823079592,0.0354689700791482,0.0085421051404126,0.0053455363630596,-0.0031965687773529,data/raw/earnings-call-transcripts/Transcripts/CSCO/2017-Feb-15-CSCO.txt,2017-02-15,"FEBRUARY 15, 2017 / 9:30PM GMT",2017-02-15T21:30:00+00:00,2017-02-15T21:30:00+00:00,21:30:00,16:30:00,
CSCO,2017-May-17-CSCO.txt,2017,Q2,2017-05-17T16:30:00-04:00,True,2017-05-18,-0.0869669778038736,-0.0767051089877212,0.0103833340866218,0.0067759275406284,-0.0036074065459933,data/raw/earnings-call-transcripts/Transcripts/CSCO/2017-May-17-CSCO.txt,2017-05-17,"MAY 17, 2017 / 8:30PM GMT",2017-05-17T20:30:00+00:00,2017-05-17T20:30:00+00:00,20:30:00,16:30:00,
CSCO,2017-Aug-16-CSCO.txt,2017,Q3,2017-08-16T16:30:00-04:00,True,2017-08-17,-0.0477912870982736,-0.0239260355991224,0.009991464770494,0.01244628654027,0.0024548217697759,data/raw/earnings-call-transcripts/Transcripts/CSCO/2017-Aug-16-CSCO.txt,2017-08-16,"AUGUST 16, 2017 / 8:30PM GMT",2017-08-16T20:30:00+00:00,2017-08-16T20:30:00+00:00,20:30:00,16:30:00,
CSCO,2017-Nov-15-CSCO.txt,2017,Q4,2017-11-15T16:30:00-05:00,True,2017-11-16,0.0410982706013725,0.0502923753619579,0.0064465309556452,0.0099289396418261,0.0034824086861809,data/raw/earnings-call-transcripts/Transcripts/CSCO/2017-Nov-15-CSCO.txt,2017-11-15,"NOVEMBER 15, 2017 / 9:30PM GMT",2017-11-15T21:30:00+00:00,2017-11-15T21:30:00+00:00,21:30:00,16:30:00,
CSCO,2018-Feb-14-CSCO.txt,2018,Q1,2018-02-14T16:30:00-05:00,True,2018-02-15,0.0382449267804085,0.0138581883218861,0.0292424620950659,0.0169767968611644,-0.0122656652339014,data/raw/earnings-call-transcripts/Transcripts/CSCO/2018-Feb-14-CSCO.txt,2018-02-14,"FEBRUARY 14, 2018 / 9:30PM GMT",2018-02-14T21:30:00+00:00,2018-02-14T21:30:00+00:00,21:30:00,16:30:00,
CSCO,2018-May-16-CSCO.txt,2018,Q2,2018-05-16T16:30:00-04:00,True,2018-05-17,-0.0392537084659802,-0.0360062411558372,0.0094125926653905,0.0094727876885544,6.0195023163856984e-05,data/raw/earnings-call-transcripts/Transcripts/CSCO/2018-May-16-CSCO.txt,2018-05-16,"MAY 16, 2018 / 8:30PM GMT",2018-05-16T20:30:00+00:00,2018-05-16T20:30:00+00:00,20:30:00,16:30:00,
CSCO,2018-Aug-15-CSCO.txt,2018,Q3,2018-08-15T16:30:00-04:00,True,2018-08-16,0.0411713590647062,0.0350336062031579,0.0060417004158435,0.007748178417127,0.0017064780012834,data/raw/earnings-call-transcripts/Transcripts/CSCO/2018-Aug-15-CSCO.txt,2018-08-15,"AUGUST 15, 2018 / 8:30PM GMT",2018-08-15T20:30:00+00:00,2018-08-15T20:30:00+00:00,20:30:00,16:30:00,
CSCO,2018-Nov-14-CSCO.txt,2018,Q4,2018-11-14T16:30:00-05:00,True,2018-11-15,0.0309406838373421,0.0312545448906748,0.019482122777342,0.0167947737504396,-0.0026873490269024,data/raw/earnings-call-transcripts/Transcripts/CSCO/2018-Nov-14-CSCO.txt,2018-11-14,"NOVEMBER 14, 2018 / 9:30PM GMT",2018-11-14T21:30:00+00:00,2018-11-14T21:30:00+00:00,21:30:00,16:30:00,
CSCO,2019-Feb-13-CSCO.txt,2019,Q1,2019-02-13T16:30:00-05:00,True,2019-02-14,0.031571526571703,0.0316867070051629,0.0088712640255345,0.008760169881791,-0.0001110941437434,data/raw/earnings-call-transcripts/Transcripts/CSCO/2019-Feb-13-CSCO.txt,2019-02-13,"FEBRUARY 13, 2019 / 9:30PM GMT",2019-02-13T21:30:00+00:00,2019-02-13T21:30:00+00:00,21:30:00,16:30:00,
CSCO,2019-May-15-CSCO.txt,2019,Q2,2019-05-15T16:30:00-04:00,True,2019-05-16,0.0727079691608404,0.07741553238832,0.0156829539609018,0.0139880977844127,-0.0016948561764891,data/raw/earnings-call-transcripts/Transcripts/CSCO/2019-May-15-CSCO.txt,2019-05-15,"MAY 15, 2019 / 8:30PM GMT",2019-05-15T20:30:00+00:00,2019-05-15T20:30:00+00:00,20:30:00,16:30:00,
CSCO,2019-Aug-14-CSCO.txt,2019,Q3,2019-08-14T16:30:00-04:00,True,2019-08-15,-0.0884606482590436,-0.0757940470577496,0.0245474063246615,0.018676678775147,-0.0058707275495145,data/raw/earnings-call-transcripts/Transcripts/CSCO/2019-Aug-14-CSCO.txt,2019-08-14,"AUGUST 14, 2019 / 8:30PM GMT",2019-08-14T20:30:00+00:00,2019-08-14T20:30:00+00:00,20:30:00,16:30:00,
CSCO,2019-Nov-13-CSCO.txt,2019,Q4,2019-11-13T16:30:00-05:00,True,2019-11-14,-0.0731670488735335,-0.064794900305291,0.0084782031165527,0.006281191447844,-0.0021970116687087,data/raw/earnings-call-transcripts/Transcripts/CSCO/2019-Nov-13-CSCO.txt,2019-11-13,"NOVEMBER 13, 2019 / 9:30PM GMT",2019-11-13T21:30:00+00:00,2019-11-13T21:30:00+00:00,21:30:00,16:30:00,
CSCO,2020-Feb-12-CSCO.txt,2020,Q1,2020-02-12T16:30:00-05:00,True,2020-02-13,-0.0574943120275883,-0.0780713366804171,0.0158462972767471,0.0202268536586648,0.0043805563819176,data/raw/earnings-call-transcripts/Transcripts/CSCO/2020-Feb-12-CSCO.txt,2020-02-12,"FEBRUARY 12, 2020 / 9:30PM GMT",2020-02-12T21:30:00+00:00,2020-02-12T21:30:00+00:00,21:30:00,16:30:00,
CSCO,2020-May-13-CSCO.txt,2020,Q2,2020-05-13T16:30:00-04:00,True,2020-05-14,0.0388306890884952,0.0285894191311204,0.0217257316704899,0.0196339785522005,-0.0020917531182894,data/raw/earnings-call-transcripts/Transcripts/CSCO/2020-May-13-CSCO.txt,2020-05-13,"MAY 13, 2020 / 8:30PM GMT",2020-05-13T20:30:00+00:00,2020-05-13T20:30:00+00:00,20:30:00,16:30:00,
CSCO,2020-Aug-12-CSCO.txt,2020,Q3,2020-08-12T16:30:00-04:00,True,2020-08-13,-0.1162999406425208,-0.1445246046440061,0.0105018969632612,0.0059106682661883,-0.0045912286970729,data/raw/earnings-call-transcripts/Transcripts/CSCO/2020-Aug-12-CSCO.txt,2020-08-12,"AUGUST 12, 2020 / 8:30PM GMT",2020-08-12T20:30:00+00:00,2020-08-12T20:30:00+00:00,20:30:00,16:30:00,
GOOGL,2016-Feb-01-GOOGL.txt,2016,Q1,2016-02-01T16:30:00-05:00,True,2016-02-02,-0.0036893208946748,-0.0353930502249337,0.0190833165772014,0.0208735996935093,0.0017902831163079,data/raw/earnings-call-transcripts/Transcripts/GOOGL/2016-Feb-01-GOOGL.txt,2016-02-01,"FEBRUARY 01, 2016 / 9:30PM GMT",2016-02-01T21:30:00+00:00,2016-02-01T21:30:00+00:00,21:30:00,16:30:00,
GOOGL,2016-Apr-21-GOOGL.txt,2016,Q2,2016-04-21T16:30:00-04:00,True,2016-04-22,-0.0408495946863057,-0.0647260028314,0.0076507200354488,0.0128859473235712,0.0052352272881223,data/raw/earnings-call-transcripts/Transcripts/GOOGL/2016-Apr-21-GOOGL.txt,2016-04-21,"APRIL 21, 2016 / 8:30PM GMT",2016-04-21T20:30:00+00:00,2016-04-21T20:30:00+00:00,20:30:00,16:30:00,
GOOGL,2016-Jul-28-GOOGL.txt,2016,Q3,2016-07-28T16:30:00-04:00,True,2016-07-29,0.042269807928117,0.0455070057642622,0.0078115629337829,0.0055672857795558,-0.002244277154227,data/raw/earnings-call-transcripts/Transcripts/GOOGL/2016-Jul-28-GOOGL.txt,2016-07-28,"JULY 28, 2016 / 8:30PM GMT",2016-07-28T20:30:00+00:00,2016-07-28T20:30:00+00:00,20:30:00,16:30:00,
GOOGL,2016-Oct-27-GOOGL.txt,2016,Q4,2016-10-27T16:30:00-04:00,True,2016-10-28,-0.0047888522051273,-0.017751772680355,0.0092465796256463,0.0162501490149412,0.0070035693892949,data/raw/earnings-call-transcripts/Transcripts/GOOGL/2016-Oct-27-GOOGL.txt,2016-10-27,"OCTOBER 27, 2016 / 8:30PM GMT",2016-10-27T20:30:00+00:00,2016-10-27T20:30:00+00:00,20:30:00,16:30:00,
GOOGL,2017-Jan-26-GOOGL.txt,2017,Q1,2017-01-26T16:30:00-05:00,True,2017-01-27,-0.0306053500602254,-0.045576137792856,0.0075027615488608,0.009508140998233,0.0020053794493721,data/raw/earnings-call-transcripts/Transcripts/GOOGL/2017-Jan-26-GOOGL.txt,2017-01-26,"JANUARY 26, 2017 / 9:30PM GMT",2017-01-26T21:30:00+00:00,2017-01-26T21:30:00+00:00,21:30:00,16:30:00,
GOOGL,2017-Apr-27-GOOGL.txt,2017,Q2,2017-04-27T16:30:00-04:00,True,2017-04-28,0.039921696019672,0.0618456988012034,0.0087225492560516,0.0057212867372306,-0.0030012625188209,data/raw/earnings-call-transcripts/Transcripts/GOOGL/2017-Apr-27-GOOGL.txt,2017-04-27,"APRIL 27, 2017 / 8:30PM GMT",2017-04-27T20:30:00+00:00,2017-04-27T20:30:00+00:00,20:30:00,16:30:00,
GOOGL,2017-Jul-24-GOOGL.txt,2017,Q3,2017-07-24T17:00:00-04:00,True,2017-07-25,-0.0363222667469938,-0.037159511996598,0.0052196882526009,0.006995112705528,0.0017754244529271,data/raw/earnings-call-transcripts/Transcripts/GOOGL/2017-Jul-24-GOOGL.txt,2017-07-24,"JULY 24, 2017 / 9:00PM GMT",2017-07-24T21:00:00+00:00,2017-07-24T21:00:00+00:00,21:00:00,17:00:00,
GOOGL,2017-Oct-26-GOOGL.txt,2017,Q4,2017-10-26T16:30:00-04:00,True,2017-10-27,0.0177023762793825,0.02487998248879,0.0075640377684369,0.006656169494067,-0.0009078682743699,data/raw/earnings-call-transcripts/Transcripts/GOOGL/2017-Oct-26-GOOGL.txt,2017-10-26,"OCTOBER 26, 2017 / 8:30PM GMT",2017-10-26T20:30:00+00:00,2017-10-26T20:30:00+00:00,20:30:00,16:30:00,
GOOGL,2018-Feb-01-GOOGL.txt,2018,Q1,2018-02-01T16:30:00-05:00,True,2018-02-02,-0.0336903462134547,-0.0550543395929245,0.0076025658429615,0.0296078213912347,0.0220052555482732,data/raw/earnings-call-transcripts/Transcripts/GOOGL/2018-Feb-01-GOOGL.txt,2018-02-01,"FEBRUARY 01, 2018 / 9:30PM GMT",2018-02-01T21:30:00+00:00,2018-02-01T21:30:00+00:00,21:30:00,16:30:00,
GOOGL,2018-Apr-23-GOOGL.txt,2018,Q2,2018-04-23T16:30:00-04:00,True,2018-04-24,-0.0238542785767362,-0.0348493566975054,0.0136432954682598,0.0144193396884895,0.0007760442202296,data/raw/earnings-call-transcripts/Transcripts/GOOGL/2018-Apr-23-GOOGL.txt,2018-04-23,"APRIL 23, 2018 / 8:30PM GMT",2018-04-23T20:30:00+00:00,2018-04-23T20:30:00+00:00,20:30:00,16:30:00,
GOOGL,2018-Jul-23-GOOGL.txt,2018,Q3,2018-07-23T16:30:00-04:00,True,2018-07-24,0.0388981664845331,0.0544287805887747,0.010613823974901,0.013014688255015,0.002400864280114,data/raw/earnings-call-transcripts/Transcripts/GOOGL/2018-Jul-23-GOOGL.txt,2018-07-23,"JULY 23, 2018 / 8:30PM GMT",2018-07-23T20:30:00+00:00,2018-07-23T20:30:00+00:00,20:30:00,16:30:00,
GOOGL,2018-Oct-25-GOOGL.txt,2018,Q4,2018-10-25T16:30:00-04:00,True,2018-10-26,-0.0144691730355056,-0.0084492306422866,0.028239269932414,0.0259938179018781,-0.0022454520305359,data/raw/earnings-call-transcripts/Transcripts/GOOGL/2018-Oct-25-GOOGL.txt,2018-10-25,"OCTOBER 25, 2018 / 8:30PM GMT",2018-10-25T20:30:00+00:00,2018-10-25T20:30:00+00:00,20:30:00,16:30:00,
GOOGL,2019-Feb-04-GOOGL.txt,2019,Q1,2019-02-04T16:30:00-05:00,True,2019-02-05,-0.0202361578837709,-0.0272499127743756,0.0185917027987072,0.0127900860389109,-0.0058016167597962,data/raw/earnings-call-transcripts/Transcripts/GOOGL/2019-Feb-04-GOOGL.txt,2019-02-04,"FEBRUARY 04, 2019 / 9:30PM GMT",2019-02-04T21:30:00+00:00,2019-02-04T21:30:00+00:00,21:30:00,16:30:00,
GOOGL,2019-Apr-29-GOOGL.txt,2019,Q2,2019-04-29T16:30:00-04:00,True,2019-04-30,-0.0827159894609327,-0.0848202945191281,0.0065810994721777,0.0129668487572513,0.0063857492850735,data/raw/earnings-call-transcripts/Transcripts/GOOGL/2019-Apr-29-GOOGL.txt,2019-04-29,"APRIL 29, 2019 / 8:30PM GMT",2019-04-29T20:30:00+00:00,2019-04-29T20:30:00+00:00,20:30:00,16:30:00,
GOOGL,2019-Jul-25-GOOGL.txt,2019,Q3,2019-07-25T16:30:00-04:00,True,2019-07-26,0.0886480269574583,0.0881610271146685,0.0067835557535788,0.016589418046531,0.0098058622929522,data/raw/earnings-call-transcripts/Transcripts/GOOGL/2019-Jul-25-GOOGL.txt,2019-07-25,"JULY 25, 2019 / 8:30PM GMT",2019-07-25T20:30:00+00:00,2019-07-25T20:30:00+00:00,20:30:00,16:30:00,
GOOGL,2019-Oct-28-GOOGL.txt,2019,Q4,2019-10-28T17:00:00-04:00,True,2019-10-29,-0.0198592834851254,-0.0225237281614894,0.0092063451940175,0.0070241156770623,-0.0021822295169551,data/raw/earnings-call-transcripts/Transcripts/GOOGL/2019-Oct-28-GOOGL.txt,2019-10-28,"OCTOBER 28, 2019 / 9:00PM GMT",2019-10-28T21:00:00+00:00,2019-10-28T21:00:00+00:00,21:00:00,17:00:00,
GOOGL,2020-Feb-03-GOOGL.txt,2020,Q1,2020-02-03T17:00:00-05:00,True,2020-02-04,-0.0517187443374232,-0.030760025763516,0.0160942289124789,0.0082407891489509,-0.007853439763528,data/raw/earnings-call-transcripts/Transcripts/GOOGL/2020-Feb-03-GOOGL.txt,2020-02-03,"FEBRUARY 03, 2020 / 10:00PM GMT",2020-02-03T22:00:00+00:00,2020-02-03T22:00:00+00:00,22:00:00,17:00:00,
GOOGL,2020-Apr-28-GOOGL.txt,2020,Q2,2020-04-28T16:30:00-04:00,True,2020-04-29,0.0622839941193577,0.063310791001448,0.0223216112714503,0.0160497044685866,-0.0062719068028637,data/raw/earnings-call-transcripts/Transcripts/GOOGL/2020-Apr-28-GOOGL.txt,2020-04-28,"APRIL 28, 2020 / 8:30PM GMT",2020-04-28T20:30:00+00:00,2020-04-28T20:30:00+00:00,20:30:00,16:30:00,
GOOGL,2020-Jul-30-GOOGL.txt,2020,Q3,2020-07-30T16:30:00-04:00,True,2020-07-31,-0.0635277305203175,-0.0730781054143293,0.0173846779883995,0.0101434183468649,-0.0072412596415346,data/raw/earnings-call-transcripts/Transcripts/GOOGL/2020-Jul-30-GOOGL.txt,2020-07-30,"JULY 30, 2020 / 8:30PM GMT",2020-07-30T20:30:00+00:00,2020-07-30T20:30:00+00:00,20:30:00,16:30:00,
INTC,2016-Jan-14-INTC.txt,2016,Q1,2016-01-14T17:00:00-05:00,True,2016-01-15,-0.0691859769643013,-0.0779383010498013,0.0209230579933411,0.0132567409174642,-0.0076663170758769,data/raw/earnings-call-transcripts/Transcripts/INTC/2016-Jan-14-INTC.txt,2016-01-14,"JANUARY 14, 2016 / 10:00PM GMT",2016-01-14T22:00:00+00:00,2016-01-14T22:00:00+00:00,22:00:00,17:00:00,
INTC,2016-Apr-19-INTC.txt,2016,Q2,2016-04-19T17:00:00-04:00,True,2016-04-20,0.0106469286812052,0.0025729710630586,0.0086352778009144,0.0120439434114734,0.003408665610559,data/raw/earnings-call-transcripts/Transcripts/INTC/2016-Apr-19-INTC.txt,2016-04-19,"APRIL 19, 2016 / 9:00PM GMT",2016-04-19T21:00:00+00:00,2016-04-19T21:00:00+00:00,21:00:00,17:00:00,
INTC,2016-Jul-20-INTC.txt,2016,Q3,2016-07-20T17:30:00-04:00,True,2016-07-21,-0.030858438393715,-0.0208366647685733,0.008643542324056,0.0071790023228353,-0.0014645400012207,data/raw/earnings-call-transcripts/Transcripts/INTC/2016-Jul-20-INTC.txt,2016-07-20,"JULY 20, 2016 / 9:30PM GMT",2016-07-20T21:30:00+00:00,2016-07-20T21:30:00+00:00,21:30:00,17:30:00,
INTC,2016-Oct-18-INTC.txt,2016,Q4,2016-10-18T17:00:00-04:00,True,2016-10-19,-0.0632220096598147,-0.0836788251621421,0.0100571522507828,0.0046136328542148,-0.0054435193965679,data/raw/earnings-call-transcripts/Transcripts/INTC/2016-Oct-18-INTC.txt,2016-10-18,"OCTOBER 18, 2016 / 9:00PM GMT",2016-10-18T21:00:00+00:00,2016-10-18T21:00:00+00:00,21:00:00,17:00:00,
INTC,2017-Jan-26-INTC.txt,2017,Q1,2017-01-26T17:00:00-05:00,True,2017-01-27,0.0042587733721637,-0.0258638290827257,0.0092371947251562,0.0097621505293442,0.000524955804188,data/raw/earnings-call-transcripts/Transcripts/INTC/2017-Jan-26-INTC.txt,2017-01-26,"JANUARY 26, 2017 / 10:00PM GMT",2017-01-26T22:00:00+00:00,2017-01-26T22:00:00+00:00,22:00:00,17:00:00,
INTC,2017-Apr-27-INTC.txt,2017,Q2,2017-04-27T17:00:00-04:00,True,2017-04-28,-0.0346389173694353,-0.0040995340712428,0.0066721234551876,0.008755223750464,0.0020831002952764,data/raw/earnings-call-transcripts/Transcripts/INTC/2017-Apr-27-INTC.txt,2017-04-27,"APRIL 27, 2017 / 9:00PM GMT",2017-04-27T21:00:00+00:00,2017-04-27T21:00:00+00:00,21:00:00,17:00:00,
INTC,2017-Jul-27-INTC.txt,2017,Q3,2017-07-27T17:00:00-04:00,True,2017-07-28,0.0207429127465502,0.0545263908689241,0.0058160789107382,0.01014737154001,0.0043312926292718,data/raw/earnings-call-transcripts/Transcripts/INTC/2017-Jul-27-INTC.txt,2017-07-27,"JULY 27, 2017 / 9:00PM GMT",2017-07-27T21:00:00+00:00,2017-07-27T21:00:00+00:00,21:00:00,17:00:00,
INTC,2017-Oct-26-INTC.txt,2017,Q4,2017-10-26T17:00:00-04:00,True,2017-10-27,0.0561711611156062,0.1061438191276362,0.0067055781469123,0.0152259111834338,0.0085203330365215,data/raw/earnings-call-transcripts/Transcripts/INTC/2017-Oct-26-INTC.txt,2017-10-26,"OCTOBER 26, 2017 / 9:00PM GMT",2017-10-26T21:00:00+00:00,2017-10-26T21:00:00+00:00,21:00:00,17:00:00,
INTC,2018-Jan-25-INTC.txt,2018,Q1,2018-01-25T17:00:00-05:00,True,2018-01-26,0.0925110339791237,0.0602666813504083,0.0133404050538065,0.0250715406292542,0.0117311355754477,data/raw/earnings-call-transcripts/Transcripts/INTC/2018-Jan-25-INTC.txt,2018-01-25,"JANUARY 25, 2018 / 10:00PM GMT",2018-01-25T22:00:00+00:00,2018-01-25T22:00:00+00:00,22:00:00,17:00:00,
INTC,2018-Apr-26-INTC.txt,2018,Q2,2018-04-26T17:00:00-04:00,True,2018-04-27,-0.0186881334070954,-0.0126172829116291,0.0178429859427069,0.0164756452015155,-0.0013673407411914,data/raw/earnings-call-transcripts/Transcripts/INTC/2018-Apr-26-INTC.txt,2018-04-26,"APRIL 26, 2018 / 9:00PM GMT",2018-04-26T21:00:00+00:00,2018-04-26T21:00:00+00:00,21:00:00,17:00:00,
INTC,2018-Jul-26-INTC.txt,2018,Q3,2018-07-26T17:00:00-04:00,True,2018-07-27,-0.0477944759756086,-0.0389529432351344,0.0045768784546714,0.0113636914761931,0.0067868130215216,data/raw/earnings-call-transcripts/Transcripts/INTC/2018-Jul-26-INTC.txt,2018-07-26,"JULY 26, 2018 / 9:00PM GMT",2018-07-26T21:00:00+00:00,2018-07-26T21:00:00+00:00,21:00:00,17:00:00,
INTC,2018-Oct-25-INTC.txt,2018,Q4,2018-10-25T17:00:00-04:00,True,2018-10-26,0.0836589330584568,0.0698961393826407,0.0278290991644173,0.025364089606762,-0.0024650095576552,data/raw/earnings-call-transcripts/Transcripts/INTC/2018-Oct-25-INTC.txt,2018-10-25,"OCTOBER 25, 2018 / 9:00PM GMT",2018-10-25T21:00:00+00:00,2018-10-25T21:00:00+00:00,21:00:00,17:00:00,
INTC,2019-Jan-24-INTC.txt,2019,Q1,2019-01-24T17:00:00-05:00,True,2019-01-25,-0.0658979907182376,-0.0638628666968151,0.01640141806977,0.0155830842403679,-0.000818333829402,data/raw/earnings-call-transcripts/Transcripts/INTC/2019-Jan-24-INTC.txt,2019-01-24,"JANUARY 24, 2019 / 10:00PM GMT",2019-01-24T22:00:00+00:00,2019-01-24T22:00:00+00:00,22:00:00,17:00:00,
INTC,2019-Apr-25-INTC.txt,2019,Q2,2019-04-25T17:00:00-04:00,True,2019-04-26,-0.1215212733636385,-0.1159665932081978,0.0130468365024654,0.0199994199944468,0.0069525834919814,data/raw/earnings-call-transcripts/Transcripts/INTC/2019-Apr-25-INTC.txt,2019-04-25,"APRIL 25, 2019 / 9:00PM GMT",2019-04-25T21:00:00+00:00,2019-04-25T21:00:00+00:00,21:00:00,17:00:00,
INTC,2019-Jul-25-INTC.txt,2019,Q3,2019-07-25T17:00:00-04:00,True,2019-07-26,0.0021146973499495,-0.0194474173604106,0.0149912833047274,0.0171552182290402,0.0021639349243128,data/raw/earnings-call-transcripts/Transcripts/INTC/2019-Jul-25-INTC.txt,2019-07-25,"JULY 25, 2019 / 9:00PM GMT",2019-07-25T21:00:00+00:00,2019-07-25T21:00:00+00:00,21:00:00,17:00:00,
INTC,2019-Oct-24-INTC.txt,2019,Q4,2019-10-24T17:00:00-04:00,True,2019-10-25,0.0675551581246387,0.0669760461390335,0.0123245062661775,0.0071689969761462,-0.0051555092900313,data/raw/earnings-call-transcripts/Transcripts/INTC/2019-Oct-24-INTC.txt,2019-10-24,"OCTOBER 24, 2019 / 9:00PM GMT",2019-10-24T21:00:00+00:00,2019-10-24T21:00:00+00:00,21:00:00,17:00:00,
INTC,2020-Jan-23-INTC.txt,2020,Q1,2020-01-23T17:00:00-05:00,True,2020-01-24,0.0720806770857213,0.0630638738140788,0.0130510174507992,0.0241527146337264,0.0111016971829272,data/raw/earnings-call-transcripts/Transcripts/INTC/2020-Jan-23-INTC.txt,2020-01-23,"JANUARY 23, 2020 / 10:00PM GMT",2020-01-23T22:00:00+00:00,2020-01-23T22:00:00+00:00,22:00:00,17:00:00,
INTC,2020-Apr-23-INTC.txt,2020,Q2,2020-04-23T17:00:00-04:00,True,2020-04-24,-0.0308089509012188,-0.0213898406542493,0.0367883386711475,0.0256970698957041,-0.0110912687754434,data/raw/earnings-call-transcripts/Transcripts/INTC/2020-Apr-23-INTC.txt,2020-04-23,"APRIL 23, 2020 / 9:00PM GMT",2020-04-23T21:00:00+00:00,2020-04-23T21:00:00+00:00,21:00:00,17:00:00,
INTC,2020-Jul-23-INTC.txt,2020,Q3,2020-07-23T17:00:00-04:00,True,2020-07-24,-0.1887811665101557,-0.2171299117726607,0.012157049437279,0.0126090493819408,0.0004519999446618,data/raw/earnings-call-transcripts/Transcripts/INTC/2020-Jul-23-INTC.txt,2020-07-23,"JULY 23, 2020 / 9:00PM GMT",2020-07-23T21:00:00+00:00,2020-07-23T21:00:00+00:00,21:00:00,17:00:00,
MSFT,2016-Jan-28-MSFT.txt,2016,Q1,2016-01-28T17:30:00-05:00,True,2016-01-29,0.0178351511484975,-0.0040127350263736,0.0224931427874776,0.0162622898139252,-0.0062308529735524,data/raw/earnings-call-transcripts/Transcripts/MSFT/2016-Jan-28-MSFT.txt,2016-01-28,"JANUARY 28, 2016 / 10:30PM GMT",2016-01-28T22:30:00+00:00,2016-01-28T22:30:00+00:00,22:30:00,17:30:00,
MSFT,2016-Apr-21-MSFT.txt,2016,Q2,2016-04-21T17:30:00-04:00,True,2016-04-22,-0.0561783189138945,-0.0733624014080184,0.0081836754707941,0.0116553178424054,0.0034716423716112,data/raw/earnings-call-transcripts/Transcripts/MSFT/2016-Apr-21-MSFT.txt,2016-04-21,"APRIL 21, 2016 / 9:30PM GMT",2016-04-21T21:30:00+00:00,2016-04-21T21:30:00+00:00,21:30:00,17:30:00,
MSFT,2016-Jul-19-MSFT.txt,2016,Q3,2016-07-19T17:30:00-04:00,True,2016-07-20,0.0437273752078166,0.056274030315053,0.0088357484425126,0.0065659753559208,-0.0022697730865918,data/raw/earnings-call-transcripts/Transcripts/MSFT/2016-Jul-19-MSFT.txt,2016-07-19,"JULY 19, 2016 / 9:30PM GMT",2016-07-19T21:30:00+00:00,2016-07-19T21:30:00+00:00,21:30:00,17:30:00,
MSFT,2016-Oct-20-MSFT.txt,2016,Q4,2016-10-20T17:30:00-04:00,True,2016-10-21,0.0503712044372564,0.0550357586387373,0.0067997104948062,0.0090298886238666,0.0022301781290604,data/raw/earnings-call-transcripts/Transcripts/MSFT/2016-Oct-20-MSFT.txt,2016-10-20,"OCTOBER 20, 2016 / 9:30PM GMT",2016-10-20T21:30:00+00:00,2016-10-20T21:30:00+00:00,21:30:00,17:30:00,
MSFT,2017-Jan-26-MSFT.txt,2017,Q1,2017-01-26T17:30:00-05:00,True,2017-01-27,0.020189861378348,-0.0102085606831386,0.0058529545201886,0.008182750349928,0.0023297958297393,data/raw/earnings-call-transcripts/Transcripts/MSFT/2017-Jan-26-MSFT.txt,2017-01-26,"JANUARY 26, 2017 / 10:30PM GMT",2017-01-26T22:30:00+00:00,2017-01-26T22:30:00+00:00,22:30:00,17:30:00,
MSFT,2017-Apr-27-MSFT.txt,2017,Q2,2017-04-27T17:30:00-04:00,True,2017-04-28,0.0102422281606724,0.0092149288479607,0.0075307118403074,0.0066489612644609,-0.0008817505758465,data/raw/earnings-call-transcripts/Transcripts/MSFT/2017-Apr-27-MSFT.txt,2017-04-27,"APRIL 27, 2017 / 9:30PM GMT",2017-04-27T21:30:00+00:00,2017-04-27T21:30:00+00:00,21:30:00,17:30:00,
MSFT,2017-Jul-20-MSFT.txt,2017,Q3,2017-07-20T17:30:00-04:00,True,2017-07-21,-0.0112713134329437,-0.0066517259432005,0.0056073139537109,0.0057660004301628,0.0001586864764519,data/raw/earnings-call-transcripts/Transcripts/MSFT/2017-Jul-20-MSFT.txt,2017-07-20,"JULY 20, 2017 / 9:30PM GMT",2017-07-20T21:30:00+00:00,2017-07-20T21:30:00+00:00,21:30:00,17:30:00,
MSFT,2017-Oct-26-MSFT.txt,2017,Q4,2017-10-26T17:30:00-04:00,True,2017-10-27,0.041334862601968,0.0295917787057095,0.0039875092683579,0.0053079230427749,0.0013204137744169,data/raw/earnings-call-transcripts/Transcripts/MSFT/2017-Oct-26-MSFT.txt,2017-10-26,"OCTOBER 26, 2017 / 9:30PM GMT",2017-10-26T21:30:00+00:00,2017-10-26T21:30:00+00:00,21:30:00,17:30:00,
MSFT,2018-Jan-31-MSFT.txt,2018,Q1,2018-01-31T17:30:00-05:00,True,2018-02-01,-0.0078281235527816,0.0073010661597034,0.0114928800557284,0.0316798690374373,0.0201869889817089,data/raw/earnings-call-transcripts/Transcripts/MSFT/2018-Jan-31-MSFT.txt,2018-01-31,"JANUARY 31, 2018 / 10:30PM GMT",2018-01-31T22:30:00+00:00,2018-01-31T22:30:00+00:00,22:30:00,17:30:00,
MSFT,2018-Apr-26-MSFT.txt,2018,Q2,2018-04-26T17:30:00-04:00,True,2018-04-27,0.0015766919061116,-0.0057048682060768,0.0141754551353185,0.013282309050948,-0.0008931460843704,data/raw/earnings-call-transcripts/Transcripts/MSFT/2018-Apr-26-MSFT.txt,2018-04-26,"APRIL 26, 2018 / 9:30PM GMT",2018-04-26T21:30:00+00:00,2018-04-26T21:30:00+00:00,21:30:00,17:30:00,
MSFT,2018-Jul-19-MSFT.txt,2018,Q3,2018-07-19T17:30:00-04:00,True,2018-07-20,0.0301001509979913,0.0404942520791753,0.0099043407302327,0.0156631885547482,0.0057588478245154,data/raw/earnings-call-transcripts/Transcripts/MSFT/2018-Jul-19-MSFT.txt,2018-07-19,"JULY 19, 2018 / 9:30PM GMT",2018-07-19T21:30:00+00:00,2018-07-19T21:30:00+00:00,21:30:00,17:30:00,
MSFT,2018-Oct-24-MSFT.txt,2018,Q4,2018-10-24T17:30:00-04:00,True,2018-10-25,0.0342998998045113,0.0033715522332221,0.0257085577905318,0.0199006779118661,-0.0058078798786657,data/raw/earnings-call-transcripts/Transcripts/MSFT/2018-Oct-24-MSFT.txt,2018-10-24,"OCTOBER 24, 2018 / 9:30PM GMT",2018-10-24T21:30:00+00:00,2018-10-24T21:30:00+00:00,21:30:00,17:30:00,
MSFT,2019-Jan-30-MSFT.txt,2019,Q1,2019-01-30T17:30:00-05:00,True,2019-01-31,-0.0500736844324013,-0.0322068551922556,0.0174290836028615,0.0136018390726247,-0.0038272445302367,data/raw/earnings-call-transcripts/Transcripts/MSFT/2019-Jan-30-MSFT.txt,2019-01-30,"JANUARY 30, 2019 / 10:30PM GMT",2019-01-30T22:30:00+00:00,2019-01-30T22:30:00+00:00,22:30:00,17:30:00,
MSFT,2019-Apr-24-MSFT.txt,2019,Q2,2019-04-24T17:30:00-04:00,True,2019-04-25,0.0319966389385797,0.0434944832427423,0.0059320989723202,0.0129551911161488,0.0070230921438285,data/raw/earnings-call-transcripts/Transcripts/MSFT/2019-Apr-24-MSFT.txt,2019-04-24,"APRIL 24, 2019 / 9:30PM GMT",2019-04-24T21:30:00+00:00,2019-04-24T21:30:00+00:00,21:30:00,17:30:00,
MSFT,2019-Jul-18-MSFT.txt,2019,Q3,2019-07-18T17:30:00-04:00,True,2019-07-19,0.0124718258134329,0.0109702480321602,0.006301406227164,0.0129806285263215,0.0066792222991574,data/raw/earnings-call-transcripts/Transcripts/MSFT/2019-Jul-18-MSFT.txt,2019-07-18,"JULY 18, 2019 / 9:30PM GMT",2019-07-18T21:30:00+00:00,2019-07-18T21:30:00+00:00,21:30:00,17:30:00,
MSFT,2019-Oct-23-MSFT.txt,2019,Q4,2019-10-23T17:30:00-04:00,True,2019-10-24,0.0071195306477007,0.0157539966469109,0.0102140992350211,0.0100442786078597,-0.0001698206271613,data/raw/earnings-call-transcripts/Transcripts/MSFT/2019-Oct-23-MSFT.txt,2019-10-23,"OCTOBER 23, 2019 / 9:30PM GMT",2019-10-23T21:30:00+00:00,2019-10-23T21:30:00+00:00,21:30:00,17:30:00,
MSFT,2020-Jan-29-MSFT.txt,2020,Q1,2020-01-29T17:30:00-05:00,True,2020-01-30,0.02738894060659,0.047398184605569,0.0122820747140524,0.0187266882123649,0.0064446134983125,data/raw/earnings-call-transcripts/Transcripts/MSFT/2020-Jan-29-MSFT.txt,2020-01-29,"JANUARY 29, 2020 / 10:30PM GMT",2020-01-29T22:30:00+00:00,2020-01-29T22:30:00+00:00,22:30:00,17:30:00,
MSFT,2020-Apr-29-MSFT.txt,2020,Q2,2020-04-29T17:30:00-04:00,True,2020-04-30,0.0210091159543365,0.0235290302124131,0.0282950550284428,0.0164213070075569,-0.0118737480208858,data/raw/earnings-call-transcripts/Transcripts/MSFT/2020-Apr-29-MSFT.txt,2020-04-29,"APRIL 29, 2020 / 9:30PM GMT",2020-04-29T21:30:00+00:00,2020-04-29T21:30:00+00:00,21:30:00,17:30:00,
MSFT,2020-Jul-22-MSFT.txt,2020,Q3,2020-07-22T17:30:00-04:00,True,2020-07-23,-0.0141645205522149,-0.0166516371285282,0.0202901824675371,0.0199909291600779,-0.0002992533074591,data/raw/earnings-call-transcripts/Transcripts/MSFT/2020-Jul-22-MSFT.txt,2020-07-22,"JULY 22, 2020 / 9:30PM GMT",2020-07-22T21:30:00+00:00,2020-07-22T21:30:00+00:00,21:30:00,17:30:00,
MU,2016-Mar-30-MU.txt,2016,Q1,2016-03-30T16:30:00-04:00,True,2016-03-31,0.0465016535641013,0.017151527799938,0.0284776778315464,0.038440430186486,0.0099627523549395,data/raw/earnings-call-transcripts/Transcripts/MU/2016-Mar-30-MU.txt,2016-03-30,"MARCH 30, 2016 / 8:30PM GMT",2016-03-30T20:30:00+00:00,2016-03-30T20:30:00+00:00,20:30:00,16:30:00,
MU,2016-Jun-30-MU.txt,2016,Q2,2016-06-30T16:30:00-04:00,True,2016-07-01,-0.1290807263457395,-0.1234448305668887,0.0530654918651379,0.0286245672475753,-0.0244409246175625,data/raw/earnings-call-transcripts/Transcripts/MU/2016-Jun-30-MU.txt,2016-06-30,"JUNE 30, 2016 / 8:30PM GMT",2016-06-30T20:30:00+00:00,2016-06-30T20:30:00+00:00,20:30:00,16:30:00,
MU,2016-Oct-04-MU.txt,2016,Q4,2016-10-04T16:30:00-04:00,True,2016-10-05,-0.0186076681059732,-0.0480492012443224,0.0218702944185836,0.0165647392225137,-0.0053055551960698,data/raw/earnings-call-transcripts/Transcripts/MU/2016-Oct-04-MU.txt,2016-10-04,"OCTOBER 04, 2016 / 8:30PM GMT",2016-10-04T20:30:00+00:00,2016-10-04T20:30:00+00:00,20:30:00,16:30:00,
MU,2016-Dec-21-MU.txt,2016,Q4,2016-12-21T16:30:00-05:00,True,2016-12-22,0.1262271927270606,0.1067054193957633,0.0115750010020487,0.0161429119921747,0.0045679109901259,data/raw/earnings-call-transcripts/Transcripts/MU/2016-Dec-21-MU.txt,2016-12-21,"DECEMBER 21, 2016 / 9:30PM GMT",2016-12-21T21:30:00+00:00,2016-12-21T21:30:00+00:00,21:30:00,16:30:00,
MU,2017-Mar-23-MU.txt,2017,Q1,2017-03-23T16:30:00-04:00,True,2017-03-24,0.07685905987924,0.0501126870687421,0.0161769967118247,0.0097338240026808,-0.0064431727091439,data/raw/earnings-call-transcripts/Transcripts/MU/2017-Mar-23-MU.txt,2017-03-23,"MARCH 23, 2017 / 8:30PM GMT",2017-03-23T20:30:00+00:00,2017-03-23T20:30:00+00:00,20:30:00,16:30:00,
MU,2017-Jun-29-MU.txt,2017,Q2,2017-06-29T16:30:00-04:00,True,2017-06-30,-0.066498068036528,-0.0285805584618489,0.0263330086230545,0.021260343675915,-0.0050726649471394,data/raw/earnings-call-transcripts/Transcripts/MU/2017-Jun-29-MU.txt,2017-06-29,"JUNE 29, 2017 / 8:30PM GMT",2017-06-29T20:30:00+00:00,2017-06-29T20:30:00+00:00,20:30:00,16:30:00,
MU,2017-Sep-26-MU.txt,2017,Q3,2017-09-26T16:30:00-04:00,True,2017-09-27,0.0855652628613093,0.1193848864104045,0.0160684844957567,0.0185535490675567,0.0024850645717999,data/raw/earnings-call-transcripts/Transcripts/MU/2017-Sep-26-MU.txt,2017-09-26,"SEPTEMBER 26, 2017 / 8:30PM GMT",2017-09-26T20:30:00+00:00,2017-09-26T20:30:00+00:00,20:30:00,16:30:00,
MU,2017-Dec-19-MU.txt,2017,Q4,2017-12-19T16:30:00-05:00,True,2017-12-20,0.0055261903909357,-0.040922525331616,0.0180674269316519,0.0338209200166191,0.0157534930849671,data/raw/earnings-call-transcripts/Transcripts/MU/2017-Dec-19-MU.txt,2017-12-19,"DECEMBER 19, 2017 / 9:30PM GMT",2017-12-19T21:30:00+00:00,2017-12-19T21:30:00+00:00,21:30:00,16:30:00,
MU,2018-Mar-22-MU.txt,2018,Q1,2018-03-22T16:30:00-04:00,True,2018-03-23,-0.0698929642714797,-0.0776443763518049,0.0334029140433703,0.036551518593964,0.0031486045505936,data/raw/earnings-call-transcripts/Transcripts/MU/2018-Mar-22-MU.txt,2018-03-22,"MARCH 22, 2018 / 8:30PM GMT",2018-03-22T20:30:00+00:00,2018-03-22T20:30:00+00:00,20:30:00,16:30:00,
MU,2018-Sep-20-MU.txt,2018,Q3,2018-09-20T16:30:00-04:00,True,2018-09-21,-0.0061617976719922,-0.0187644939864655,0.028356277277245,0.0126981926687277,-0.0156580846085172,data/raw/earnings-call-transcripts/Transcripts/MU/2018-Sep-20-MU.txt,2018-09-20,"SEPTEMBER 20, 2018 / 8:30PM GMT",2018-09-20T20:30:00+00:00,2018-09-20T20:30:00+00:00,20:30:00,16:30:00,
MU,2018-Dec-18-MU.txt,2018,Q4,2018-12-18T16:30:00-05:00,True,2018-12-19,-0.0209066938050896,-0.0107794352338283,0.034291600897911,0.0406941045764759,0.0064025036785648,data/raw/earnings-call-transcripts/Transcripts/MU/2018-Dec-18-MU.txt,2018-12-18,"DECEMBER 18, 2018 / 9:30PM GMT",2018-12-18T21:30:00+00:00,2018-12-18T21:30:00+00:00,21:30:00,16:30:00,
MU,2019-Mar-20-MU.txt,2019,Q1,2019-03-20T16:30:00-04:00,True,2019-03-21,0.0570008584125499,0.0148787487170852,0.0140598698275847,0.0317607004686387,0.0177008306410539,data/raw/earnings-call-transcripts/Transcripts/MU/2019-Mar-20-MU.txt,2019-03-20,"MARCH 20, 2019 / 8:30PM GMT",2019-03-20T20:30:00+00:00,2019-03-20T20:30:00+00:00,20:30:00,16:30:00,
MU,2019-Jun-25-MU.txt,2019,Q2,2019-06-25T16:30:00-04:00,True,2019-06-26,0.1463033159387714,0.1758652652848406,0.0290492319298514,0.0176230495501779,-0.0114261823796734,data/raw/earnings-call-transcripts/Transcripts/MU/2019-Jun-25-MU.txt,2019-06-25,"JUNE 25, 2019 / 8:30PM GMT",2019-06-25T20:30:00+00:00,2019-06-25T20:30:00+00:00,20:30:00,16:30:00,
MU,2019-Sep-26-MU.txt,2019,Q3,2019-09-26T16:30:00-04:00,True,2019-09-27,-0.114559298090091,-0.0956305788891112,0.0140166788857832,0.0238171726858085,0.0098004938000253,data/raw/earnings-call-transcripts/Transcripts/MU/2019-Sep-26-MU.txt,2019-09-26,"SEPTEMBER 26, 2019 / 8:30PM GMT",2019-09-26T20:30:00+00:00,2019-09-26T20:30:00+00:00,20:30:00,16:30:00,
MU,2019-Dec-18-MU.txt,2019,Q4,2019-12-18T16:30:00-05:00,True,2019-12-19,0.0165434928531822,0.0159182144857312,0.0214860451464558,0.0160306451495892,-0.0054553999968665,data/raw/earnings-call-transcripts/Transcripts/MU/2019-Dec-18-MU.txt,2019-12-18,"DECEMBER 18, 2019 / 9:30PM GMT",2019-12-18T21:30:00+00:00,2019-12-18T21:30:00+00:00,21:30:00,16:30:00,
MU,2020-Mar-25-MU.txt,2020,Q1,2020-03-25T16:30:00-04:00,True,2020-03-26,-0.0072594257775972,-0.0852041352396758,0.1048520768570165,0.0546854389153823,-0.0501666379416342,data/raw/earnings-call-transcripts/Transcripts/MU/2020-Mar-25-MU.txt,2020-03-25,"MARCH 25, 2020 / 8:30PM GMT",2020-03-25T20:30:00+00:00,2020-03-25T20:30:00+00:00,20:30:00,16:30:00,
MU,2020-Jun-29-MU.txt,2020,Q2,2020-06-29T16:30:00-04:00,True,2020-06-30,-0.0213188700803417,-0.0298433299143121,0.0206634969666614,0.0217895925505269,0.0011260955838654,data/raw/earnings-call-transcripts/Transcripts/MU/2020-Jun-29-MU.txt,2020-06-29,"JUNE 29, 2020 / 8:30PM GMT",2020-06-29T20:30:00+00:00,2020-06-29T20:30:00+00:00,20:30:00,16:30:00,
NVDA,2016-Feb-17-NVDA.txt,2016,Q1,2016-02-17T17:00:00-05:00,True,2016-02-18,0.1005056141109976,0.1318426542887827,0.0325622072723197,0.0178567343071093,-0.0147054729652103,data/raw/earnings-call-transcripts/Transcripts/NVDA/2016-Feb-17-NVDA.txt,2016-02-17,"FEBRUARY 17, 2016 / 10:00PM GMT",2016-02-17T22:00:00+00:00,2016-02-17T22:00:00+00:00,22:00:00,17:00:00,
NVDA,2016-May-12-NVDA.txt,2016,Q2,2016-05-12T17:00:00-04:00,True,2016-05-13,0.1677844146257345,0.1996351651966268,0.0143740579438951,0.0117661457165107,-0.0026079122273843,data/raw/earnings-call-transcripts/Transcripts/NVDA/2016-May-12-NVDA.txt,2016-05-12,"MAY 12, 2016 / 9:00PM GMT",2016-05-12T21:00:00+00:00,2016-05-12T21:00:00+00:00,21:00:00,17:00:00,
NVDA,2016-Aug-11-NVDA.txt,2016,Q3,2016-08-11T17:00:00-04:00,True,2016-08-12,0.0399190317906949,0.0081065688141455,0.0118496428369774,0.0117075744084054,-0.000142068428572,data/raw/earnings-call-transcripts/Transcripts/NVDA/2016-Aug-11-NVDA.txt,2016-08-11,"AUGUST 11, 2016 / 9:00PM GMT",2016-08-11T21:00:00+00:00,2016-08-11T21:00:00+00:00,21:00:00,17:00:00,
NVDA,2016-Nov-10-NVDA.txt,2016,Q4,2016-11-10T17:00:00-05:00,True,2016-11-11,0.2406172439328079,0.3101638842311567,0.0241533586709793,0.0280539536592948,0.0039005949883154,data/raw/earnings-call-transcripts/Transcripts/NVDA/2016-Nov-10-NVDA.txt,2016-11-10,"NOVEMBER 10, 2016 / 10:00PM GMT",2016-11-10T22:00:00+00:00,2016-11-10T22:00:00+00:00,22:00:00,17:00:00,
NVDA,2017-Feb-09-NVDA.txt,2017,Q1,2017-02-09T17:00:00-05:00,True,2017-02-10,-0.0964408446488555,-0.1195784360437839,0.0203103066694486,0.0374761554637819,0.0171658487943332,data/raw/earnings-call-transcripts/Transcripts/NVDA/2017-Feb-09-NVDA.txt,2017-02-09,"FEBRUARY 09, 2017 / 10:00PM GMT",2017-02-09T22:00:00+00:00,2017-02-09T22:00:00+00:00,22:00:00,17:00:00,
NVDA,2017-May-09-NVDA.txt,2017,Q2,2017-05-09T17:00:00-04:00,True,2017-05-10,0.2232810191114785,0.2745040591862216,0.0148639558220772,0.0338724051797345,0.0190084493576573,data/raw/earnings-call-transcripts/Transcripts/NVDA/2017-May-09-NVDA.txt,2017-05-09,"MAY 09, 2017 / 9:00PM GMT",2017-05-09T21:00:00+00:00,2017-05-09T21:00:00+00:00,21:00:00,17:00:00,
NVDA,2017-Aug-10-NVDA.txt,2017,Q3,2017-08-10T17:00:00-04:00,True,2017-08-11,-0.0267187518085905,-0.0536652003689111,0.0203330680997098,0.0297198955975466,0.0093868274978367,data/raw/earnings-call-transcripts/Transcripts/NVDA/2017-Aug-10-NVDA.txt,2017-08-10,"AUGUST 10, 2017 / 9:00PM GMT",2017-08-10T21:00:00+00:00,2017-08-10T21:00:00+00:00,21:00:00,17:00:00,
NVDA,2017-Nov-09-NVDA.txt,2017,Q4,2017-11-09T17:00:00-05:00,True,2017-11-10,0.0300636946353166,0.0302096968024625,0.0147263441158604,0.0119506043057245,-0.0027757398101358,data/raw/earnings-call-transcripts/Transcripts/NVDA/2017-Nov-09-NVDA.txt,2017-11-09,"NOVEMBER 09, 2017 / 10:00PM GMT",2017-11-09T22:00:00+00:00,2017-11-09T22:00:00+00:00,22:00:00,17:00:00,
NVDA,2018-Feb-08-NVDA.txt,2018,Q1,2018-02-08T17:00:00-05:00,True,2018-02-09,-0.0184942293486542,-0.0128804057154501,0.0410916408451607,0.0209325186244585,-0.0201591222207022,data/raw/earnings-call-transcripts/Transcripts/NVDA/2018-Feb-08-NVDA.txt,2018-02-08,"FEBRUARY 08, 2018 / 10:00PM GMT",2018-02-08T22:00:00+00:00,2018-02-08T22:00:00+00:00,22:00:00,17:00:00,
NVDA,2018-May-10-NVDA.txt,2018,Q2,2018-05-10T17:00:00-04:00,True,2018-05-11,-0.0201800901610283,-0.0539903711015265,0.0149414388093433,0.0152800853055474,0.0003386464962041,data/raw/earnings-call-transcripts/Transcripts/NVDA/2018-May-10-NVDA.txt,2018-05-10,"MAY 10, 2018 / 9:00PM GMT",2018-05-10T21:00:00+00:00,2018-05-10T21:00:00+00:00,21:00:00,17:00:00,
NVDA,2018-Aug-16-NVDA.txt,2018,Q3,2018-08-16T17:30:00-04:00,True,2018-08-17,-0.0387792348878252,0.0067596435429549,0.0097843328031005,0.0121445263368361,0.0023601935337355,data/raw/earnings-call-transcripts/Transcripts/NVDA/2018-Aug-16-NVDA.txt,2018-08-16,"AUGUST 16, 2018 / 9:30PM GMT",2018-08-16T21:30:00+00:00,2018-08-16T21:30:00+00:00,21:30:00,17:30:00,
NVDA,2018-Nov-15-NVDA.txt,2018,Q4,2018-11-15T17:30:00-05:00,True,2018-11-16,-0.2534646872184158,-0.2380112378453917,0.0350912662774276,0.0517846667383779,0.0166934004609503,data/raw/earnings-call-transcripts/Transcripts/NVDA/2018-Nov-15-NVDA.txt,2018-11-15,"NOVEMBER 15, 2018 / 10:30PM GMT",2018-11-15T22:30:00+00:00,2018-11-15T22:30:00+00:00,22:30:00,17:30:00,
NVDA,2019-Feb-14-NVDA.txt,2019,Q1,2019-02-14T17:30:00-05:00,True,2019-02-15,0.0063667037645659,0.0131222876745032,0.0201451333214986,0.0126062353947938,-0.0075388979267048,data/raw/earnings-call-transcripts/Transcripts/NVDA/2019-Feb-14-NVDA.txt,2019-02-14,"FEBRUARY 14, 2019 / 10:30PM GMT",2019-02-14T22:30:00+00:00,2019-02-14T22:30:00+00:00,22:30:00,17:30:00,
NVDA,2019-May-16-NVDA.txt,2019,Q2,2019-05-16T17:30:00-04:00,True,2019-05-17,-0.010679419177867,-0.0183860561499278,0.0237447074478267,0.0153696836941709,-0.0083750237536558,data/raw/earnings-call-transcripts/Transcripts/NVDA/2019-May-16-NVDA.txt,2019-05-16,"MAY 16, 2019 / 9:30PM GMT",2019-05-16T21:30:00+00:00,2019-05-16T21:30:00+00:00,21:30:00,17:30:00,
NVDA,2019-Aug-15-NVDA.txt,2019,Q3,2019-08-15T17:30:00-04:00,True,2019-08-16,0.0901537185609321,0.0902223641168193,0.0301224280774633,0.0337439476684842,0.0036215195910209,data/raw/earnings-call-transcripts/Transcripts/NVDA/2019-Aug-15-NVDA.txt,2019-08-15,"AUGUST 15, 2019 / 9:30PM GMT",2019-08-15T21:30:00+00:00,2019-08-15T21:30:00+00:00,21:30:00,17:30:00,
NVDA,2019-Nov-14-NVDA.txt,2019,Q4,2019-11-14T17:30:00-05:00,True,2019-11-15,-0.0066064352569135,-0.0101994226149263,0.0134624905496929,0.0262616164848811,0.0127991259351882,data/raw/earnings-call-transcripts/Transcripts/NVDA/2019-Nov-14-NVDA.txt,2019-11-14,"NOVEMBER 14, 2019 / 10:30PM GMT",2019-11-14T22:30:00+00:00,2019-11-14T22:30:00+00:00,22:30:00,17:30:00,
NVDA,2020-Feb-13-NVDA.txt,2020,Q1,2020-02-13T17:30:00-05:00,True,2020-02-14,0.0877439011998063,0.1243381450283012,0.0230805508002659,0.0498323983539475,0.0267518475536816,data/raw/earnings-call-transcripts/Transcripts/NVDA/2020-Feb-13-NVDA.txt,2020-02-13,"FEBRUARY 13, 2020 / 10:30PM GMT",2020-02-13T22:30:00+00:00,2020-02-13T22:30:00+00:00,22:30:00,17:30:00,
NVDA,2020-May-21-NVDA.txt,2020,Q2,2020-05-21T17:30:00-04:00,True,2020-05-22,-0.0208233143713456,-0.0585863327381678,0.0273900466298793,0.0218588068355329,-0.0055312397943463,data/raw/earnings-call-transcripts/Transcripts/NVDA/2020-May-21-NVDA.txt,2020-05-21,"MAY 21, 2020 / 9:30PM GMT",2020-05-21T21:30:00+00:00,2020-05-21T21:30:00+00:00,21:30:00,17:30:00,
NVDA,2020-Aug-19-NVDA.txt,2020,Q3,2020-08-19T17:00:00-04:00,True,2020-08-20,0.0212416737398555,0.0044157183048984,0.0299135463650236,0.040436627464996,0.0105230810999723,data/raw/earnings-call-transcripts/Transcripts/NVDA/2020-Aug-19-NVDA.txt,2020-08-19,"AUGUST 19, 2020 / 9:00PM GMT",2020-08-19T21:00:00+00:00,2020-08-19T21:00:00+00:00,21:00:00,17:00:00,
