ticker,file_name,event_trading_day_final,total_tokens,neg_count_lm,pos_count_lm,neg_rate_lm,pos_rate_lm
AAPL,2016-Jan-26-AAPL.txt,2016-01-27,7965,14,60,0.0017576898932831137,0.007532956685499058
AAPL,2016-Apr-26-AAPL.txt,2016-04-27,9209,18,39,0.0019546096210229123,0.00423498751221631
AAPL,2016-Jul-26-AAPL.txt,2016-07-27,7400,4,42,0.0005405405405405405,0.005675675675675676
AAPL,2016-Oct-25-AAPL.txt,2016-10-26,7923,2,48,0.0002524296352391771,0.00605831124574025
AAPL,2017-Jan-31-AAPL.txt,2017-02-01,7766,9,59,0.0011588977594643318,0.007597218645377286
AAPL,2017-May-02-AAPL.txt,2017-05-03,7586,9,71,0.0011863959926179805,0.00935934616398629
AAPL,2017-Aug-01-AAPL.txt,2017-08-02,7912,3,41,0.00037917087967644087,0.005182002022244692
AAPL,2017-Nov-02-AAPL.txt,2017-11-03,6947,5,70,0.0007197351374694113,0.010076291924571757
AAPL,2018-Feb-01-AAPL.txt,2018-02-02,7988,3,73,0.0003755633450175263,0.00913870806209314
AAPL,2018-May-01-AAPL.txt,2018-05-02,6927,6,75,0.0008661758336942399,0.010827197921177999
AAPL,2018-Jul-31-AAPL.txt,2018-08-01,7740,11,64,0.001421188630490956,0.008268733850129198
AAPL,2018-Nov-01-AAPL.txt,2018-11-02,8466,5,63,0.0005905976848570753,0.0074415308291991495
AAPL,2019-Jan-29-AAPL.txt,2019-01-30,7738,11,59,0.001421555957611786,0.007624709227190488
AAPL,2019-Apr-30-AAPL.txt,2019-05-01,7378,12,48,0.001626457034426674,0.006505828137706696
AAPL,2019-Jul-30-AAPL.txt,2019-07-31,8198,9,81,0.0010978287387167602,0.009880458648450842
AAPL,2019-Oct-30-AAPL.txt,2019-10-31,8130,13,64,0.0015990159901599016,0.007872078720787207
AAPL,2020-Jan-28-AAPL.txt,2020-01-29,7310,7,74,0.0009575923392612859,0.01012311901504788
AAPL,2020-Apr-30-AAPL.txt,2020-05-01,7862,12,44,0.0015263291783261257,0.005596540320529127
AAPL,2020-Jul-30-AAPL.txt,2020-07-31,7952,7,68,0.0008802816901408451,0.008551307847082495
AMD,2016-Jan-19-AMD.txt,2016-01-20,8870,18,65,0.002029312288613303,0.007328072153325817
AMD,2016-Apr-21-AMD.txt,2016-04-22,8744,16,53,0.0018298261665141812,0.006061299176578225
AMD,2016-Jul-21-AMD.txt,2016-07-22,8477,13,41,0.0015335614014391884,0.004836616727615902
AMD,2016-Oct-20-AMD.txt,2016-10-21,7105,9,45,0.001266713581984518,0.0063335679099225895
AMD,2017-Jan-31-AMD.txt,2017-02-01,7673,13,56,0.0016942525739606412,0.007298318780138147
AMD,2017-May-01-AMD.txt,2017-05-02,8575,17,32,0.0019825072886297374,0.003731778425655977
AMD,2017-Jul-25-AMD.txt,2017-07-26,8929,11,61,0.0012319408668383918,0.006831672079740172
AMD,2017-Oct-24-AMD.txt,2017-10-25,8659,6,61,0.0006929206605843631,0.0070446933826076915
AMD,2018-Jan-30-AMD.txt,2018-01-31,9026,6,63,0.0006647462884998893,0.0069798360292488365
AMD,2018-Apr-25-AMD.txt,2018-04-26,9149,11,59,0.0012023171931358617,0.006448792217728714
AMD,2018-Jul-25-AMD.txt,2018-07-26,9470,5,45,0.0005279831045406547,0.004751847940865892
AMD,2018-Oct-24-AMD.txt,2018-10-25,9183,9,54,0.0009800718719372753,0.005880431231623653
AMD,2019-Jan-29-AMD.txt,2019-01-30,9665,10,70,0.0010346611484738748,0.007242628039317123
AMD,2019-Apr-30-AMD.txt,2019-05-01,7869,3,52,0.0003812428516965307,0.006608209429406532
AMD,2019-Jul-30-AMD.txt,2019-07-31,8569,9,39,0.0010502975843155562,0.0045512895320340765
AMD,2019-Oct-29-AMD.txt,2019-10-30,9040,3,59,0.000331858407079646,0.006526548672566372
AMD,2020-Jan-28-AMD.txt,2020-01-29,9407,7,76,0.000744126714149038,0.008079090039332411
AMD,2020-Apr-28-AMD.txt,2020-04-29,9519,9,68,0.0009454774661203908,0.007143607521798509
AMD,2020-Jul-28-AMD.txt,2020-07-29,9244,1,93,0.00010817827780181739,0.010060579835569019
AMZN,2016-Jan-28-AMZN.txt,2016-01-29,7808,0,35,0.0,0.0044825819672131145
AMZN,2016-Apr-28-AMZN.txt,2016-04-29,7469,7,63,0.0009372071227741331,0.008434864104967198
AMZN,2016-Jul-28-AMZN.txt,2016-07-29,6811,3,35,0.0004404639553663192,0.0051387461459403904
AMZN,2016-Oct-27-AMZN.txt,2016-10-28,5754,1,12,0.0001737921445950643,0.0020855057351407717
AMZN,2017-Feb-02-AMZN.txt,2017-02-03,6020,4,32,0.000664451827242525,0.0053156146179402
AMZN,2017-Apr-27-AMZN.txt,2017-04-28,6286,0,52,0.0,0.008272351256761056
AMZN,2017-Jul-27-AMZN.txt,2017-07-28,4892,0,32,0.0,0.006541291905151268
AMZN,2017-Oct-26-AMZN.txt,2017-10-27,5646,1,30,0.00017711654268508679,0.005313496280552604
AMZN,2018-Feb-01-AMZN.txt,2018-02-02,5744,5,46,0.0008704735376044568,0.008008356545961003
AMZN,2018-Apr-26-AMZN.txt,2018-04-27,5583,0,32,0.0,0.005731685473759627
AMZN,2018-Jul-26-AMZN.txt,2018-07-27,5442,2,44,0.0003675119441381845,0.00808526277104006
AMZN,2018-Oct-25-AMZN.txt,2018-10-26,5480,1,40,0.0001824817518248175,0.0072992700729927005
AMZN,2019-Jan-31-AMZN.txt,2019-02-01,5755,5,55,0.0008688097306689834,0.009556907037358819
AMZN,2019-Apr-25-AMZN.txt,2019-04-26,6287,1,42,0.0001590583744234134,0.006680451725783363
AMZN,2019-Jul-25-AMZN.txt,2019-07-26,6181,1,42,0.00016178611875101117,0.006795016987542469
AMZN,2019-Oct-24-AMZN.txt,2019-10-25,5324,6,17,0.0011269722013523666,0.0031930879038317055
AMZN,2020-Jan-30-AMZN.txt,2020-01-31,5765,3,23,0.0005203816131830009,0.00398959236773634
AMZN,2020-Apr-30-AMZN.txt,2020-05-01,6546,3,21,0.00045829514207149406,0.0032080659945004585
AMZN,2020-Jul-30-AMZN.txt,2020-07-31,6576,4,44,0.0006082725060827251,0.006690997566909975
ASML,2016-Jan-20-ASML.txt,2016-01-20,9544,2,24,0.00020955574182732607,0.002514668901927913
ASML,2016-Apr-20-ASML.txt,2016-04-20,9594,4,18,0.0004169272461955389,0.001876172607879925
ASML,2016-Jul-20-ASML.txt,2016-07-20,8740,5,28,0.0005720823798627002,0.003203661327231121
ASML,2016-Oct-19-ASML.txt,2016-10-19,9221,7,19,0.0007591367530636591,0.002060514044029932
ASML,2017-Jan-18-ASML.txt,2017-01-18,9189,9,32,0.0009794319294809011,0.003482424638154315
ASML,2017-Apr-19-ASML.txt,2017-04-19,9874,5,26,0.0005063803929511849,0.0026331780433461616
ASML,2017-Jul-19-ASML.txt,2017-07-19,9961,2,70,0.00020078305391024997,0.007027406886858749
ASML,2017-Oct-18-ASML.txt,2017-10-18,9813,3,42,0.0003057169061449098,0.004280036686028737
ASML,2018-Jan-17-ASML.txt,2018-01-17,9934,10,53,0.0010066438494060802,0.005335212401852225
ASML,2018-Apr-18-ASML.txt,2018-04-18,10382,5,43,0.0004816027740319784,0.004141783856675014
ASML,2018-Jul-18-ASML.txt,2018-07-18,9891,4,58,0.00040440804772014964,0.00586391669194217
ASML,2018-Oct-17-ASML.txt,2018-10-17,10592,3,58,0.00028323262839879157,0.00547583081570997
ASML,2019-Jan-23-ASML.txt,2019-01-23,10116,11,44,0.0010873863187030447,0.004349545274812179
ASML,2019-Apr-17-ASML.txt,2019-04-17,10121,3,21,0.00029641339788558443,0.002074893785199091
ASML,2019-Jul-17-ASML.txt,2019-07-17,9684,19,20,0.001961999173895085,0.0020652622883106154
ASML,2019-Oct-16-ASML.txt,2019-10-16,10364,8,41,0.0007719027402547279,0.0039560015438054805
ASML,2020-Jan-22-ASML.txt,2020-01-22,10217,12,48,0.0011745130664578642,0.004698052265831457
ASML,2020-Apr-15-ASML.txt,2020-04-15,9559,13,23,0.0013599748927712104,0.0024061094256721412
ASML,2020-Jul-15-ASML.txt,2020-07-15,9481,7,42,0.0007383187427486552,0.004429912456491931
CSCO,2016-Feb-10-CSCO.txt,2016-02-11,8594,7,61,0.0008145217593670003,0.007097975331626716
CSCO,2016-May-18-CSCO.txt,2016-05-19,8655,13,68,0.0015020219526285384,0.007856730213749278
CSCO,2016-Aug-17-CSCO.txt,2016-08-18,7764,14,57,0.0018031942297784646,0.007341576506955177
CSCO,2016-Nov-16-CSCO.txt,2016-11-17,8159,11,45,0.0013482044368182376,0.005515381786983699
CSCO,2017-Feb-15-CSCO.txt,2017-02-16,7873,8,50,0.0010161310809094373,0.006350819255683983
CSCO,2017-May-17-CSCO.txt,2017-05-18,8407,9,46,0.00107053645771381,0.005471630783870584
CSCO,2017-Aug-16-CSCO.txt,2017-08-17,9685,19,55,0.0019617965926690757,0.005678884873515746
CSCO,2017-Nov-15-CSCO.txt,2017-11-16,7944,12,52,0.0015105740181268882,0.006545820745216516
CSCO,2018-Feb-14-CSCO.txt,2018-02-15,8312,7,59,0.0008421559191530317,0.007098171318575553
CSCO,2018-May-16-CSCO.txt,2018-05-17,8128,16,55,0.001968503937007874,0.006766732283464567
CSCO,2018-Aug-15-CSCO.txt,2018-08-16,8740,12,52,0.0013729977116704805,0.005949656750572082
CSCO,2018-Nov-14-CSCO.txt,2018-11-15,9559,4,73,0.0004184538131603724,0.0076367820901767965
CSCO,2019-Feb-13-CSCO.txt,2019-02-14,8563,8,50,0.0009342520144809063,0.005839075090505664
CSCO,2019-May-15-CSCO.txt,2019-05-16,9215,2,43,0.0002170374389582203,0.004666304937601736
CSCO,2019-Aug-14-CSCO.txt,2019-08-15,8406,10,54,0.0011896264572924102,0.006423982869379015
CSCO,2019-Nov-13-CSCO.txt,2019-11-14,7280,15,36,0.0020604395604395605,0.004945054945054945
CSCO,2020-Feb-12-CSCO.txt,2020-02-13,8240,12,49,0.0014563106796116505,0.005946601941747572
CSCO,2020-May-13-CSCO.txt,2020-05-14,9411,11,53,0.001168844968653703,0.00563170757624057
CSCO,2020-Aug-12-CSCO.txt,2020-08-13,8683,10,45,0.0011516756881262238,0.005182540596568006
GOOGL,2016-Feb-01-GOOGL.txt,2016-02-02,9608,9,64,0.0009367194004995837,0.006661115736885929
GOOGL,2016-Apr-21-GOOGL.txt,2016-04-22,9580,8,76,0.0008350730688935282,0.007933194154488519
GOOGL,2016-Jul-28-GOOGL.txt,2016-07-29,9582,5,76,0.0005218117303276978,0.007931538300981006
GOOGL,2016-Oct-27-GOOGL.txt,2016-10-28,9174,6,56,0.0006540222367560497,0.006104207543056464
GOOGL,2017-Jan-26-GOOGL.txt,2017-01-27,9183,6,48,0.0006533812479581836,0.005227049983665469
GOOGL,2017-Apr-27-GOOGL.txt,2017-04-28,9808,4,85,0.0004078303425774878,0.008666394779771614
GOOGL,2017-Jul-24-GOOGL.txt,2017-07-25,8851,3,76,0.00033894475200542314,0.008586600384137385
GOOGL,2017-Oct-26-GOOGL.txt,2017-10-27,8948,4,82,0.0004470272686633885,0.009164059007599463
GOOGL,2018-Feb-01-GOOGL.txt,2018-02-02,9501,5,67,0.0005262603936427745,0.007051889274813178
GOOGL,2018-Apr-23-GOOGL.txt,2018-04-24,9348,3,84,0.00032092426187419767,0.008985879332477536
GOOGL,2018-Jul-23-GOOGL.txt,2018-07-24,10034,3,91,0.0002989834562487542,0.009069164839545545
GOOGL,2018-Oct-25-GOOGL.txt,2018-10-26,9697,7,72,0.0007218727441476745,0.0074249767969475095
GOOGL,2019-Feb-04-GOOGL.txt,2019-02-05,9647,8,100,0.0008292733492277392,0.01036591686534674
GOOGL,2019-Apr-29-GOOGL.txt,2019-04-30,8920,9,90,0.001008968609865471,0.010089686098654708
GOOGL,2019-Jul-25-GOOGL.txt,2019-07-26,9021,2,85,0.00022170491076377343,0.00942245870746037
GOOGL,2019-Oct-28-GOOGL.txt,2019-10-29,8496,5,63,0.0005885122410546139,0.007415254237288136
GOOGL,2020-Feb-03-GOOGL.txt,2020-02-04,8953,11,106,0.0012286384452138948,0.011839606835697531
GOOGL,2020-Apr-28-GOOGL.txt,2020-04-29,9894,25,78,0.002526783909440065,0.007883565797453002
GOOGL,2020-Jul-30-GOOGL.txt,2020-07-31,8395,12,54,0.0014294222751637879,0.006432400238237046
INTC,2016-Jan-14-INTC.txt,2016-01-15,8422,10,52,0.0011873664212776064,0.006174305390643553
INTC,2016-Apr-19-INTC.txt,2016-04-20,10034,16,88,0.0015945784333266893,0.00877018138329679
INTC,2016-Jul-20-INTC.txt,2016-07-21,9123,17,53,0.001863422119916694,0.005809492491504987
INTC,2016-Oct-18-INTC.txt,2016-10-19,10315,14,85,0.0013572467280659234,0.008240426563257392
INTC,2017-Jan-26-INTC.txt,2017-01-27,9901,18,95,0.001817998182001818,0.009594990405009595
INTC,2017-Apr-27-INTC.txt,2017-04-28,8082,12,88,0.0014847809948032665,0.01088839396189062
INTC,2017-Jul-27-INTC.txt,2017-07-28,8718,13,88,0.0014911676990135353,0.01009405827024547
INTC,2017-Oct-26-INTC.txt,2017-10-27,9156,6,77,0.000655307994757536,0.008409785932721712
INTC,2018-Jan-25-INTC.txt,2018-01-26,8946,12,95,0.0013413816230717639,0.010619271182651465
INTC,2018-Apr-26-INTC.txt,2018-04-27,8823,11,77,0.001246741471154936,0.008727190298084551
INTC,2018-Jul-26-INTC.txt,2018-07-27,8026,5,98,0.000622975330176925,0.01221031647146773
INTC,2018-Oct-25-INTC.txt,2018-10-26,7457,7,96,0.0009387153010594072,0.012873809843100442
INTC,2019-Jan-24-INTC.txt,2019-01-25,8601,8,84,0.0009301244041390535,0.009766306243460064
INTC,2019-Apr-25-INTC.txt,2019-04-26,7971,22,47,0.002760005018190942,0.005896374357044286
INTC,2019-Jul-25-INTC.txt,2019-07-26,8558,9,61,0.0010516475812105631,0.007127833605982706
INTC,2019-Oct-24-INTC.txt,2019-10-25,8179,7,80,0.0008558503484533561,0.009781146839466928
INTC,2020-Jan-23-INTC.txt,2020-01-24,8655,6,80,0.0006932409012131716,0.00924321201617562
INTC,2020-Apr-23-INTC.txt,2020-04-24,8778,12,53,0.001367053998632946,0.006037821827295511
INTC,2020-Jul-23-INTC.txt,2020-07-24,8458,7,44,0.000827618822416647,0.005202175455190352
MSFT,2016-Jan-28-MSFT.txt,2016-01-29,9463,11,82,0.001162422064884286,0.008665328120046497
MSFT,2016-Apr-21-MSFT.txt,2016-04-22,9677,13,81,0.0013433915469670352,0.00837036271571768
MSFT,2016-Jul-19-MSFT.txt,2016-07-20,9646,17,79,0.001762388554841385,0.008189923284262907
MSFT,2016-Oct-20-MSFT.txt,2016-10-21,9087,12,63,0.0013205678441729944,0.006932981181908221
MSFT,2017-Jan-26-MSFT.txt,2017-01-27,9794,14,83,0.0014294465999591588,0.00847457627118644
MSFT,2017-Apr-27-MSFT.txt,2017-04-28,10360,8,91,0.0007722007722007722,0.008783783783783784
MSFT,2017-Jul-20-MSFT.txt,2017-07-21,9533,16,105,0.0016783803629497535,0.011014371131857758
MSFT,2017-Oct-26-MSFT.txt,2017-10-27,9842,9,114,0.0009144482828693355,0.011583011583011582
MSFT,2018-Jan-31-MSFT.txt,2018-02-01,9566,9,113,0.0009408321137361488,0.01181266987246498
MSFT,2018-Apr-26-MSFT.txt,2018-04-27,10225,4,146,0.00039119804400977997,0.014278728606356969
MSFT,2018-Jul-19-MSFT.txt,2018-07-20,8329,7,129,0.0008404370272541722,0.015488053787969745
MSFT,2018-Oct-24-MSFT.txt,2018-10-25,8641,4,102,0.0004629093854877908,0.011804189329938665
MSFT,2019-Jan-30-MSFT.txt,2019-01-31,9188,6,119,0.00065302568567697,0.012951676099259905
MSFT,2019-Apr-24-MSFT.txt,2019-04-25,9128,5,106,0.0005477651183172656,0.01161262050832603
MSFT,2019-Jul-18-MSFT.txt,2019-07-19,8801,6,99,0.0006817407112828088,0.011248721736166345
MSFT,2019-Oct-23-MSFT.txt,2019-10-24,8158,6,95,0.0007354743809757293,0.011645011032115715
MSFT,2020-Jan-29-MSFT.txt,2020-01-30,8396,3,90,0.00035731300619342544,0.010719390185802763
MSFT,2020-Apr-29-MSFT.txt,2020-04-30,9716,13,81,0.0013379991766158913,0.008336764100452861
MSFT,2020-Jul-22-MSFT.txt,2020-07-23,8894,14,95,0.0015740948954351248,0.010681358219024061
MU,2016-Mar-30-MU.txt,2016-03-31,9964,23,67,0.0023083099156965075,0.006724207145724609
MU,2016-Jun-30-MU.txt,2016-07-01,9511,16,61,0.0016822626432551782,0.006413626327410367
MU,2016-Oct-04-MU.txt,2016-10-05,9741,20,70,0.002053177291859152,0.007186120521507032
MU,2016-Dec-21-MU.txt,2016-12-22,9882,7,76,0.0007083586318558996,0.007690750860149767
MU,2017-Mar-23-MU.txt,2017-03-24,8899,9,66,0.0010113495898415553,0.007416563658838072
MU,2017-Jun-29-MU.txt,2017-06-30,9727,2,101,0.00020561324149275214,0.010383468695383983
MU,2017-Sep-26-MU.txt,2017-09-27,9000,6,88,0.0006666666666666666,0.009777777777777778
MU,2017-Dec-19-MU.txt,2017-12-20,9179,10,88,0.0010894432944765224,0.009587100991393397
MU,2018-Mar-22-MU.txt,2018-03-23,8562,3,63,0.000350385423966363,0.007358093903293623
MU,2018-Sep-20-MU.txt,2018-09-21,9329,2,114,0.0002143852502947797,0.012219959266802444
MU,2018-Dec-18-MU.txt,2018-12-19,9007,11,83,0.0012212723437326524,0.009215054957255468
MU,2019-Mar-20-MU.txt,2019-03-21,8949,12,80,0.0013409319477036541,0.00893954631802436
MU,2019-Jun-25-MU.txt,2019-06-26,9432,18,68,0.0019083969465648854,0.00720949957591179
MU,2019-Sep-26-MU.txt,2019-09-27,9183,20,83,0.0021779374931939453,0.009038440596754873
MU,2019-Dec-18-MU.txt,2019-12-19,9479,9,121,0.0009494672433801034,0.012765059605443612
MU,2020-Mar-25-MU.txt,2020-03-26,9566,15,66,0.0015680535228935815,0.006899435500731758
MU,2020-Jun-29-MU.txt,2020-06-30,9628,7,81,0.0007270461154964686,0.008412962193601993
NVDA,2016-Feb-17-NVDA.txt,2016-02-18,11513,6,64,0.0005211500043429167,0.005558933379657779
NVDA,2016-May-12-NVDA.txt,2016-05-13,9477,2,36,0.00021103724807428512,0.003798670465337132
NVDA,2016-Aug-11-NVDA.txt,2016-08-12,12041,1,42,8.304958059961797e-05,0.003488082385183955
NVDA,2016-Nov-10-NVDA.txt,2016-11-11,9105,0,47,0.0,0.005161998901702361
NVDA,2017-Feb-09-NVDA.txt,2017-02-10,8972,1,39,0.00011145786892554614,0.004346856888096299
NVDA,2017-May-09-NVDA.txt,2017-05-10,9103,2,37,0.00021970778864110734,0.004064594089860486
NVDA,2017-Aug-10-NVDA.txt,2017-08-11,9595,2,55,0.00020844189682126107,0.005732152162584679
NVDA,2017-Nov-09-NVDA.txt,2017-11-10,9047,1,42,0.00011053387863380126,0.004642422902619653
NVDA,2018-Feb-08-NVDA.txt,2018-02-09,9125,1,47,0.00010958904109589041,0.005150684931506849
NVDA,2018-May-10-NVDA.txt,2018-05-11,9765,0,54,0.0,0.005529953917050691
NVDA,2018-Aug-16-NVDA.txt,2018-08-17,8930,1,33,0.00011198208286674133,0.0036954087346024638
NVDA,2018-Nov-15-NVDA.txt,2018-11-16,9248,9,43,0.0009731833910034602,0.0046496539792387544
NVDA,2019-Feb-14-NVDA.txt,2019-02-15,9760,7,47,0.0007172131147540983,0.004815573770491803
NVDA,2019-May-16-NVDA.txt,2019-05-17,9606,6,27,0.0006246096189881324,0.0028107432854465957
NVDA,2019-Aug-15-NVDA.txt,2019-08-16,8784,3,59,0.00034153005464480874,0.006716757741347905
NVDA,2019-Nov-14-NVDA.txt,2019-11-15,8717,9,66,0.0010324652976941608,0.007571412183090513
NVDA,2020-Feb-13-NVDA.txt,2020-02-14,9005,1,59,0.0001110494169905608,0.006551915602443087
NVDA,2020-May-21-NVDA.txt,2020-05-22,13904,3,43,0.00021576524741081702,0.0030926352128883773
NVDA,2020-Aug-19-NVDA.txt,2020-08-20,8717,6,35,0.0006883101984627739,0.004015142824366181
