ticker,file_name,file_path,year,quarter,call_datetime_gmt,call_datetime_et,call_time_et,after_market_close,event_trading_day
AAPL,2016-Jan-26-AAPL.txt,/Users/javierdominguezsegura/Academics/College/Courses/NLP/NASDAQ-NLP/dataset/Transcripts/AAPL/2016-Jan-26-AAPL.txt,2016,Q1,2016-01-26 22:00:00,2016-01-26 17:00:00,17:00,True,2016-01-27
AAPL,2016-Apr-26-AAPL.txt,/Users/javierdominguezsegura/Academics/College/Courses/NLP/NASDAQ-NLP/dataset/Transcripts/AAPL/2016-Apr-26-AAPL.txt,2016,Q2,2016-04-26 21:00:00,2016-04-26 17:00:00,17:00,True,2016-04-27
AAPL,2016-Jul-26-AAPL.txt,/Users/javierdominguezsegura/Academics/College/Courses/NLP/NASDAQ-NLP/dataset/Transcripts/AAPL/2016-Jul-26-AAPL.txt,2016,Q3,2016-07-26 21:00:00,2016-07-26 17:00:00,17:00,True,2016-07-27
AAPL,2016-Oct-25-AAPL.txt,/Users/javierdominguezsegura/Academics/College/Courses/NLP/NASDAQ-NLP/dataset/Transcripts/AAPL/2016-Oct-25-AAPL.txt,2016,Q4,2016-10-25 21:00:00,2016-10-25 17:00:00,17:00,True,2016-10-26
AAPL,2017-Jan-31-AAPL.txt,/Users/javierdominguezsegura/Academics/College/Courses/NLP/NASDAQ-NLP/dataset/Transcripts/AAPL/2017-Jan-31-AAPL.txt,2017,Q1,2017-01-31 22:00:00,2017-01-31 17:00:00,17:00,True,2017-02-01
AAPL,2017-May-02-AAPL.txt,/Users/javierdominguezsegura/Academics/College/Courses/NLP/NASDAQ-NLP/dataset/Transcripts/AAPL/2017-May-02-AAPL.txt,2017,Q2,2017-05-02 21:00:00,2017-05-02 17:00:00,17:00,True,2017-05-03
AAPL,2017-Aug-01-AAPL.txt,/Users/javierdominguezsegura/Academics/College/Courses/NLP/NASDAQ-NLP/dataset/Transcripts/AAPL/2017-Aug-01-AAPL.txt,2017,Q3,2017-08-01 21:00:00,2017-08-01 17:00:00,17:00,True,2017-08-02
AAPL,2017-Nov-02-AAPL.txt,/Users/javierdominguezsegura/Academics/College/Courses/NLP/NASDAQ-NLP/dataset/Transcripts/AAPL/2017-Nov-02-AAPL.txt,2017,Q4,2017-11-02 21:00:00,2017-11-02 17:00:00,17:00,True,2017-11-03
AAPL,2018-Feb-01-AAPL.txt,/Users/javierdominguezsegura/Academics/College/Courses/NLP/NASDAQ-NLP/dataset/Transcripts/AAPL/2018-Feb-01-AAPL.txt,2018,Q1,2018-02-01 22:00:00,2018-02-01 17:00:00,17:00,True,2018-02-02
AAPL,2018-May-01-AAPL.txt,/Users/javierdominguezsegura/Academics/College/Courses/NLP/NASDAQ-NLP/dataset/Transcripts/AAPL/2018-May-01-AAPL.txt,2018,Q2,2018-05-01 21:00:00,2018-05-01 17:00:00,17:00,True,2018-05-02
AAPL,2018-Jul-31-AAPL.txt,/Users/javierdominguezsegura/Academics/College/Courses/NLP/NASDAQ-NLP/dataset/Transcripts/AAPL/2018-Jul-31-AAPL.txt,2018,Q3,2018-07-31 21:00:00,2018-07-31 17:00:00,17:00,True,2018-08-01
AAPL,2018-Nov-01-AAPL.txt,/Users/javierdominguezsegura/Academics/College/Courses/NLP/NASDAQ-NLP/dataset/Transcripts/AAPL/2018-Nov-01-AAPL.txt,2018,Q4,2018-11-01 21:00:00,2018-11-01 17:00:00,17:00,True,2018-11-02
AAPL,2019-Jan-29-AAPL.txt,/Users/javierdominguezsegura/Academics/College/Courses/NLP/NASDAQ-NLP/dataset/Transcripts/AAPL/2019-Jan-29-AAPL.txt,2019,Q1,2019-01-29 22:00:00,2019-01-29 17:00:00,17:00,True,2019-01-30
AAPL,2019-Apr-30-AAPL.txt,/Users/javierdominguezsegura/Academics/College/Courses/NLP/NASDAQ-NLP/dataset/Transcripts/AAPL/2019-Apr-30-AAPL.txt,2019,Q2,2019-04-30 21:00:00,2019-04-30 17:00:00,17:00,True,2019-05-01
AAPL,2019-Jul-30-AAPL.txt,/Users/javierdominguezsegura/Academics/College/Courses/NLP/NASDAQ-NLP/dataset/Transcripts/AAPL/2019-Jul-30-AAPL.txt,2019,Q3,2019-07-30 21:00:00,2019-07-30 17:00:00,17:00,True,2019-07-31
AAPL,2019-Oct-30-AAPL.txt,/Users/javierdominguezsegura/Academics/College/Courses/NLP/NASDAQ-NLP/dataset/Transcripts/AAPL/2019-Oct-30-AAPL.txt,2019,Q4,2019-10-30 21:00:00,2019-10-30 17:00:00,17:00,True,2019-10-31
AAPL,2020-Jan-28-AAPL.txt,/Users/javierdominguezsegura/Academics/College/Courses/NLP/NASDAQ-NLP/dataset/Transcripts/AAPL/2020-Jan-28-AAPL.txt,2020,Q1,2020-01-28 22:00:00,2020-01-28 17:00:00,17:00,True,2020-01-29
AAPL,2020-Apr-30-AAPL.txt,/Users/javierdominguezsegura/Academics/College/Courses/NLP/NASDAQ-NLP/dataset/Transcripts/AAPL/2020-Apr-30-AAPL.txt,2020,Q2,2020-04-30 21:00:00,2020-04-30 17:00:00,17:00,True,2020-05-01
AAPL,2020-Jul-30-AAPL.txt,/Users/javierdominguezsegura/Academics/College/Courses/NLP/NASDAQ-NLP/dataset/Transcripts/AAPL/2020-Jul-30-AAPL.txt,2020,Q3,2020-07-30 21:00:00,2020-07-30 17:00:00,17:00,True,2020-07-31
AMD,2016-Jan-19-AMD.txt,/Users/javierdominguezsegura/Academics/College/Courses/NLP/NASDAQ-NLP/dataset/Transcripts/AMD/2016-Jan-19-AMD.txt,2016,Q1,2016-01-19 22:00:00,2016-01-19 17:00:00,17:00,True,2016-01-20
AMD,2016-Apr-21-AMD.txt,/Users/javierdominguezsegura/Academics/College/Courses/NLP/NASDAQ-NLP/dataset/Transcripts/AMD/2016-Apr-21-AMD.txt,2016,Q2,2016-04-21 21:00:00,2016-04-21 17:00:00,17:00,True,2016-04-22
AMD,2016-Jul-21-AMD.txt,/Users/javierdominguezsegura/Academics/College/Courses/NLP/NASDAQ-NLP/dataset/Transcripts/AMD/2016-Jul-21-AMD.txt,2016,Q3,2016-07-21 21:00:00,2016-07-21 17:00:00,17:00,True,2016-07-22
AMD,2016-Oct-20-AMD.txt,/Users/javierdominguezsegura/Academics/College/Courses/NLP/NASDAQ-NLP/dataset/Transcripts/AMD/2016-Oct-20-AMD.txt,2016,Q4,2016-10-20 21:00:00,2016-10-20 17:00:00,17:00,True,2016-10-21
AMD,2017-Jan-31-AMD.txt,/Users/javierdominguezsegura/Academics/College/Courses/NLP/NASDAQ-NLP/dataset/Transcripts/AMD/2017-Jan-31-AMD.txt,2017,Q1,2017-01-31 22:00:00,2017-01-31 17:00:00,17:00,True,2017-02-01
AMD,2017-May-01-AMD.txt,/Users/javierdominguezsegura/Academics/College/Courses/NLP/NASDAQ-NLP/dataset/Transcripts/AMD/2017-May-01-AMD.txt,2017,Q2,2017-05-01 21:00:00,2017-05-01 17:00:00,17:00,True,2017-05-02
AMD,2017-Jul-25-AMD.txt,/Users/javierdominguezsegura/Academics/College/Courses/NLP/NASDAQ-NLP/dataset/Transcripts/AMD/2017-Jul-25-AMD.txt,2017,Q3,2017-07-25 21:00:00,2017-07-25 17:00:00,17:00,True,2017-07-26
AMD,2017-Oct-24-AMD.txt,/Users/javierdominguezsegura/Academics/College/Courses/NLP/NASDAQ-NLP/dataset/Transcripts/AMD/2017-Oct-24-AMD.txt,2017,Q4,2017-10-24 21:00:00,2017-10-24 17:00:00,17:00,True,2017-10-25
AMD,2018-Jan-30-AMD.txt,/Users/javierdominguezsegura/Academics/College/Courses/NLP/NASDAQ-NLP/dataset/Transcripts/AMD/2018-Jan-30-AMD.txt,2018,Q1,2018-01-30 22:00:00,2018-01-30 17:00:00,17:00,True,2018-01-31
AMD,2018-Apr-25-AMD.txt,/Users/javierdominguezsegura/Academics/College/Courses/NLP/NASDAQ-NLP/dataset/Transcripts/AMD/2018-Apr-25-AMD.txt,2018,Q2,2018-04-25 21:30:00,2018-04-25 17:30:00,17:30,True,2018-04-26
AMD,2018-Jul-25-AMD.txt,/Users/javierdominguezsegura/Academics/College/Courses/NLP/NASDAQ-NLP/dataset/Transcripts/AMD/2018-Jul-25-AMD.txt,2018,Q3,2018-07-25 21:30:00,2018-07-25 17:30:00,17:30,True,2018-07-26
AMD,2018-Oct-24-AMD.txt,/Users/javierdominguezsegura/Academics/College/Courses/NLP/NASDAQ-NLP/dataset/Transcripts/AMD/2018-Oct-24-AMD.txt,2018,Q4,2018-10-24 21:30:00,2018-10-24 17:30:00,17:30,True,2018-10-25
AMD,2019-Jan-29-AMD.txt,/Users/javierdominguezsegura/Academics/College/Courses/NLP/NASDAQ-NLP/dataset/Transcripts/AMD/2019-Jan-29-AMD.txt,2019,Q1,2019-01-29 22:30:00,2019-01-29 17:30:00,17:30,True,2019-01-30
AMD,2019-Apr-30-AMD.txt,/Users/javierdominguezsegura/Academics/College/Courses/NLP/NASDAQ-NLP/dataset/Transcripts/AMD/2019-Apr-30-AMD.txt,2019,Q2,2019-04-30 21:30:00,2019-04-30 17:30:00,17:30,True,2019-05-01
AMD,2019-Jul-30-AMD.txt,/Users/javierdominguezsegura/Academics/College/Courses/NLP/NASDAQ-NLP/dataset/Transcripts/AMD/2019-Jul-30-AMD.txt,2019,Q3,2019-07-30 21:30:00,2019-07-30 17:30:00,17:30,True,2019-07-31
AMD,2019-Oct-29-AMD.txt,/Users/javierdominguezsegura/Academics/College/Courses/NLP/NASDAQ-NLP/dataset/Transcripts/AMD/2019-Oct-29-AMD.txt,2019,Q4,2019-10-29 21:30:00,2019-10-29 17:30:00,17:30,True,2019-10-30
AMD,2020-Jan-28-AMD.txt,/Users/javierdominguezsegura/Academics/College/Courses/NLP/NASDAQ-NLP/dataset/Transcripts/AMD/2020-Jan-28-AMD.txt,2020,Q1,2020-01-28 22:30:00,2020-01-28 17:30:00,17:30,True,2020-01-29
AMD,2020-Apr-28-AMD.txt,/Users/javierdominguezsegura/Academics/College/Courses/NLP/NASDAQ-NLP/dataset/Transcripts/AMD/2020-Apr-28-AMD.txt,2020,Q2,2020-04-28 21:30:00,2020-04-28 17:30:00,17:30,True,2020-04-29
AMD,2020-Jul-28-AMD.txt,/Users/javierdominguezsegura/Academics/College/Courses/NLP/NASDAQ-NLP/dataset/Transcripts/AMD/2020-Jul-28-AMD.txt,2020,Q3,2020-07-28 21:00:00,2020-07-28 17:00:00,17:00,True,2020-07-29
AMZN,2016-Jan-28-AMZN.txt,/Users/javierdominguezsegura/Academics/College/Courses/NLP/NASDAQ-NLP/dataset/Transcripts/AMZN/2016-Jan-28-AMZN.txt,2016,Q1,2016-01-28 22:00:00,2016-01-28 17:00:00,17:00,True,2016-01-29
AMZN,2016-Apr-28-AMZN.txt,/Users/javierdominguezsegura/Academics/College/Courses/NLP/NASDAQ-NLP/dataset/Transcripts/AMZN/2016-Apr-28-AMZN.txt,2016,Q2,2016-04-28 21:00:00,2016-04-28 17:00:00,17:00,True,2016-04-29
AMZN,2016-Jul-28-AMZN.txt,/Users/javierdominguezsegura/Academics/College/Courses/NLP/NASDAQ-NLP/dataset/Transcripts/AMZN/2016-Jul-28-AMZN.txt,2016,Q3,2016-07-28 21:30:00,2016-07-28 17:30:00,17:30,True,2016-07-29
AMZN,2016-Oct-27-AMZN.txt,/Users/javierdominguezsegura/Academics/College/Courses/NLP/NASDAQ-NLP/dataset/Transcripts/AMZN/2016-Oct-27-AMZN.txt,2016,Q4,2016-10-27 21:30:00,2016-10-27 17:30:00,17:30,True,2016-10-28
AMZN,2017-Feb-02-AMZN.txt,/Users/javierdominguezsegura/Academics/College/Courses/NLP/NASDAQ-NLP/dataset/Transcripts/AMZN/2017-Feb-02-AMZN.txt,2017,Q1,2017-02-02 22:30:00,2017-02-02 17:30:00,17:30,True,2017-02-03
AMZN,2017-Apr-27-AMZN.txt,/Users/javierdominguezsegura/Academics/College/Courses/NLP/NASDAQ-NLP/dataset/Transcripts/AMZN/2017-Apr-27-AMZN.txt,2017,Q2,2017-04-27 21:30:00,2017-04-27 17:30:00,17:30,True,2017-04-28
AMZN,2017-Jul-27-AMZN.txt,/Users/javierdominguezsegura/Academics/College/Courses/NLP/NASDAQ-NLP/dataset/Transcripts/AMZN/2017-Jul-27-AMZN.txt,2017,Q3,2017-07-27 21:30:00,2017-07-27 17:30:00,17:30,True,2017-07-28
AMZN,2017-Oct-26-AMZN.txt,/Users/javierdominguezsegura/Academics/College/Courses/NLP/NASDAQ-NLP/dataset/Transcripts/AMZN/2017-Oct-26-AMZN.txt,2017,Q4,2017-10-26 21:30:00,2017-10-26 17:30:00,17:30,True,2017-10-27
AMZN,2018-Feb-01-AMZN.txt,/Users/javierdominguezsegura/Academics/College/Courses/NLP/NASDAQ-NLP/dataset/Transcripts/AMZN/2018-Feb-01-AMZN.txt,2018,Q1,2018-02-01 22:30:00,2018-02-01 17:30:00,17:30,True,2018-02-02
AMZN,2018-Apr-26-AMZN.txt,/Users/javierdominguezsegura/Academics/College/Courses/NLP/NASDAQ-NLP/dataset/Transcripts/AMZN/2018-Apr-26-AMZN.txt,2018,Q2,2018-04-26 21:30:00,2018-04-26 17:30:00,17:30,True,2018-04-27
AMZN,2018-Jul-26-AMZN.txt,/Users/javierdominguezsegura/Academics/College/Courses/NLP/NASDAQ-NLP/dataset/Transcripts/AMZN/2018-Jul-26-AMZN.txt,2018,Q3,2018-07-26 21:30:00,2018-07-26 17:30:00,17:30,True,2018-07-27
AMZN,2018-Oct-25-AMZN.txt,/Users/javierdominguezsegura/Academics/College/Courses/NLP/NASDAQ-NLP/dataset/Transcripts/AMZN/2018-Oct-25-AMZN.txt,2018,Q4,2018-10-25 21:30:00,2018-10-25 17:30:00,17:30,True,2018-10-26
AMZN,2019-Jan-31-AMZN.txt,/Users/javierdominguezsegura/Academics/College/Courses/NLP/NASDAQ-NLP/dataset/Transcripts/AMZN/2019-Jan-31-AMZN.txt,2019,Q1,2019-01-31 22:30:00,2019-01-31 17:30:00,17:30,True,2019-02-01
AMZN,2019-Apr-25-AMZN.txt,/Users/javierdominguezsegura/Academics/College/Courses/NLP/NASDAQ-NLP/dataset/Transcripts/AMZN/2019-Apr-25-AMZN.txt,2019,Q2,2019-04-25 21:30:00,2019-04-25 17:30:00,17:30,True,2019-04-26
AMZN,2019-Jul-25-AMZN.txt,/Users/javierdominguezsegura/Academics/College/Courses/NLP/NASDAQ-NLP/dataset/Transcripts/AMZN/2019-Jul-25-AMZN.txt,2019,Q3,2019-07-25 21:30:00,2019-07-25 17:30:00,17:30,True,2019-07-26
AMZN,2019-Oct-24-AMZN.txt,/Users/javierdominguezsegura/Academics/College/Courses/NLP/NASDAQ-NLP/dataset/Transcripts/AMZN/2019-Oct-24-AMZN.txt,2019,Q4,2019-10-24 21:30:00,2019-10-24 17:30:00,17:30,True,2019-10-25
AMZN,2020-Jan-30-AMZN.txt,/Users/javierdominguezsegura/Academics/College/Courses/NLP/NASDAQ-NLP/dataset/Transcripts/AMZN/2020-Jan-30-AMZN.txt,2020,Q1,2020-01-30 22:30:00,2020-01-30 17:30:00,17:30,True,2020-01-31
AMZN,2020-Apr-30-AMZN.txt,/Users/javierdominguezsegura/Academics/College/Courses/NLP/NASDAQ-NLP/dataset/Transcripts/AMZN/2020-Apr-30-AMZN.txt,2020,Q2,2020-04-30 21:30:00,2020-04-30 17:30:00,17:30,True,2020-05-01
AMZN,2020-Jul-30-AMZN.txt,/Users/javierdominguezsegura/Academics/College/Courses/NLP/NASDAQ-NLP/dataset/Transcripts/AMZN/2020-Jul-30-AMZN.txt,2020,Q3,2020-07-30 21:30:00,2020-07-30 17:30:00,17:30,True,2020-07-31
ASML,2016-Jan-20-ASML.txt,/Users/javierdominguezsegura/Academics/College/Courses/NLP/NASDAQ-NLP/dataset/Transcripts/ASML/2016-Jan-20-ASML.txt,2016,Q1,2016-01-20 14:00:00,2016-01-20 09:00:00,09:00,False,2016-01-20
ASML,2016-Apr-20-ASML.txt,/Users/javierdominguezsegura/Academics/College/Courses/NLP/NASDAQ-NLP/dataset/Transcripts/ASML/2016-Apr-20-ASML.txt,2016,Q2,2016-04-20 13:00:00,2016-04-20 09:00:00,09:00,False,2016-04-20
ASML,2016-Jul-20-ASML.txt,/Users/javierdominguezsegura/Academics/College/Courses/NLP/NASDAQ-NLP/dataset/Transcripts/ASML/2016-Jul-20-ASML.txt,2016,Q3,2016-07-20 13:00:00,2016-07-20 09:00:00,09:00,False,2016-07-20
ASML,2016-Oct-19-ASML.txt,/Users/javierdominguezsegura/Academics/College/Courses/NLP/NASDAQ-NLP/dataset/Transcripts/ASML/2016-Oct-19-ASML.txt,2016,Q4,2016-10-19 13:00:00,2016-10-19 09:00:00,09:00,False,2016-10-19
ASML,2017-Jan-18-ASML.txt,/Users/javierdominguezsegura/Academics/College/Courses/NLP/NASDAQ-NLP/dataset/Transcripts/ASML/2017-Jan-18-ASML.txt,2017,Q1,2017-01-18 14:00:00,2017-01-18 09:00:00,09:00,False,2017-01-18
ASML,2017-Apr-19-ASML.txt,/Users/javierdominguezsegura/Academics/College/Courses/NLP/NASDAQ-NLP/dataset/Transcripts/ASML/2017-Apr-19-ASML.txt,2017,Q2,2017-04-19 13:00:00,2017-04-19 09:00:00,09:00,False,2017-04-19
ASML,2017-Jul-19-ASML.txt,/Users/javierdominguezsegura/Academics/College/Courses/NLP/NASDAQ-NLP/dataset/Transcripts/ASML/2017-Jul-19-ASML.txt,2017,Q3,2017-07-19 13:00:00,2017-07-19 09:00:00,09:00,False,2017-07-19
ASML,2017-Oct-18-ASML.txt,/Users/javierdominguezsegura/Academics/College/Courses/NLP/NASDAQ-NLP/dataset/Transcripts/ASML/2017-Oct-18-ASML.txt,2017,Q4,2017-10-18 13:00:00,2017-10-18 09:00:00,09:00,False,2017-10-18
ASML,2018-Jan-17-ASML.txt,/Users/javierdominguezsegura/Academics/College/Courses/NLP/NASDAQ-NLP/dataset/Transcripts/ASML/2018-Jan-17-ASML.txt,2018,Q1,2018-01-17 14:00:00,2018-01-17 09:00:00,09:00,False,2018-01-17
ASML,2018-Apr-18-ASML.txt,/Users/javierdominguezsegura/Academics/College/Courses/NLP/NASDAQ-NLP/dataset/Transcripts/ASML/2018-Apr-18-ASML.txt,2018,Q2,2018-04-18 13:00:00,2018-04-18 09:00:00,09:00,False,2018-04-18
ASML,2018-Jul-18-ASML.txt,/Users/javierdominguezsegura/Academics/College/Courses/NLP/NASDAQ-NLP/dataset/Transcripts/ASML/2018-Jul-18-ASML.txt,2018,Q3,2018-07-18 13:00:00,2018-07-18 09:00:00,09:00,False,2018-07-18
ASML,2018-Oct-17-ASML.txt,/Users/javierdominguezsegura/Academics/College/Courses/NLP/NASDAQ-NLP/dataset/Transcripts/ASML/2018-Oct-17-ASML.txt,2018,Q4,2018-10-17 13:00:00,2018-10-17 09:00:00,09:00,False,2018-10-17
ASML,2019-Jan-23-ASML.txt,/Users/javierdominguezsegura/Academics/College/Courses/NLP/NASDAQ-NLP/dataset/Transcripts/ASML/2019-Jan-23-ASML.txt,2019,Q1,2019-01-23 14:00:00,2019-01-23 09:00:00,09:00,False,2019-01-23
ASML,2019-Apr-17-ASML.txt,/Users/javierdominguezsegura/Academics/College/Courses/NLP/NASDAQ-NLP/dataset/Transcripts/ASML/2019-Apr-17-ASML.txt,2019,Q2,2019-04-17 13:00:00,2019-04-17 09:00:00,09:00,False,2019-04-17
ASML,2019-Jul-17-ASML.txt,/Users/javierdominguezsegura/Academics/College/Courses/NLP/NASDAQ-NLP/dataset/Transcripts/ASML/2019-Jul-17-ASML.txt,2019,Q3,2019-07-17 13:00:00,2019-07-17 09:00:00,09:00,False,2019-07-17
ASML,2019-Oct-16-ASML.txt,/Users/javierdominguezsegura/Academics/College/Courses/NLP/NASDAQ-NLP/dataset/Transcripts/ASML/2019-Oct-16-ASML.txt,2019,Q4,2019-10-16 13:00:00,2019-10-16 09:00:00,09:00,False,2019-10-16
ASML,2020-Jan-22-ASML.txt,/Users/javierdominguezsegura/Academics/College/Courses/NLP/NASDAQ-NLP/dataset/Transcripts/ASML/2020-Jan-22-ASML.txt,2020,Q1,2020-01-22 14:00:00,2020-01-22 09:00:00,09:00,False,2020-01-22
ASML,2020-Apr-15-ASML.txt,/Users/javierdominguezsegura/Academics/College/Courses/NLP/NASDAQ-NLP/dataset/Transcripts/ASML/2020-Apr-15-ASML.txt,2020,Q2,2020-04-15 13:00:00,2020-04-15 09:00:00,09:00,False,2020-04-15
ASML,2020-Jul-15-ASML.txt,/Users/javierdominguezsegura/Academics/College/Courses/NLP/NASDAQ-NLP/dataset/Transcripts/ASML/2020-Jul-15-ASML.txt,2020,Q3,2020-07-15 13:00:00,2020-07-15 09:00:00,09:00,False,2020-07-15
CSCO,2016-Feb-10-CSCO.txt,/Users/javierdominguezsegura/Academics/College/Courses/NLP/NASDAQ-NLP/dataset/Transcripts/CSCO/2016-Feb-10-CSCO.txt,2016,Q1,2016-02-10 21:30:00,2016-02-10 16:30:00,16:30,True,2016-02-11
CSCO,2016-May-18-CSCO.txt,/Users/javierdominguezsegura/Academics/College/Courses/NLP/NASDAQ-NLP/dataset/Transcripts/CSCO/2016-May-18-CSCO.txt,2016,Q2,2016-05-18 20:30:00,2016-05-18 16:30:00,16:30,True,2016-05-19
CSCO,2016-Aug-17-CSCO.txt,/Users/javierdominguezsegura/Academics/College/Courses/NLP/NASDAQ-NLP/dataset/Transcripts/CSCO/2016-Aug-17-CSCO.txt,2016,Q3,2016-08-17 20:30:00,2016-08-17 16:30:00,16:30,True,2016-08-18
CSCO,2016-Nov-16-CSCO.txt,/Users/javierdominguezsegura/Academics/College/Courses/NLP/NASDAQ-NLP/dataset/Transcripts/CSCO/2016-Nov-16-CSCO.txt,2016,Q4,2016-11-16 21:30:00,2016-11-16 16:30:00,16:30,True,2016-11-17
CSCO,2017-Feb-15-CSCO.txt,/Users/javierdominguezsegura/Academics/College/Courses/NLP/NASDAQ-NLP/dataset/Transcripts/CSCO/2017-Feb-15-CSCO.txt,2017,Q1,2017-02-15 21:30:00,2017-02-15 16:30:00,16:30,True,2017-02-16
CSCO,2017-May-17-CSCO.txt,/Users/javierdominguezsegura/Academics/College/Courses/NLP/NASDAQ-NLP/dataset/Transcripts/CSCO/2017-May-17-CSCO.txt,2017,Q2,2017-05-17 20:30:00,2017-05-17 16:30:00,16:30,True,2017-05-18
CSCO,2017-Aug-16-CSCO.txt,/Users/javierdominguezsegura/Academics/College/Courses/NLP/NASDAQ-NLP/dataset/Transcripts/CSCO/2017-Aug-16-CSCO.txt,2017,Q3,2017-08-16 20:30:00,2017-08-16 16:30:00,16:30,True,2017-08-17
CSCO,2017-Nov-15-CSCO.txt,/Users/javierdominguezsegura/Academics/College/Courses/NLP/NASDAQ-NLP/dataset/Transcripts/CSCO/2017-Nov-15-CSCO.txt,2017,Q4,2017-11-15 21:30:00,2017-11-15 16:30:00,16:30,True,2017-11-16
CSCO,2018-Feb-14-CSCO.txt,/Users/javierdominguezsegura/Academics/College/Courses/NLP/NASDAQ-NLP/dataset/Transcripts/CSCO/2018-Feb-14-CSCO.txt,2018,Q1,2018-02-14 21:30:00,2018-02-14 16:30:00,16:30,True,2018-02-15
CSCO,2018-May-16-CSCO.txt,/Users/javierdominguezsegura/Academics/College/Courses/NLP/NASDAQ-NLP/dataset/Transcripts/CSCO/2018-May-16-CSCO.txt,2018,Q2,2018-05-16 20:30:00,2018-05-16 16:30:00,16:30,True,2018-05-17
CSCO,2018-Aug-15-CSCO.txt,/Users/javierdominguezsegura/Academics/College/Courses/NLP/NASDAQ-NLP/dataset/Transcripts/CSCO/2018-Aug-15-CSCO.txt,2018,Q3,2018-08-15 20:30:00,2018-08-15 16:30:00,16:30,True,2018-08-16
CSCO,2018-Nov-14-CSCO.txt,/Users/javierdominguezsegura/Academics/College/Courses/NLP/NASDAQ-NLP/dataset/Transcripts/CSCO/2018-Nov-14-CSCO.txt,2018,Q4,2018-11-14 21:30:00,2018-11-14 16:30:00,16:30,True,2018-11-15
CSCO,2019-Feb-13-CSCO.txt,/Users/javierdominguezsegura/Academics/College/Courses/NLP/NASDAQ-NLP/dataset/Transcripts/CSCO/2019-Feb-13-CSCO.txt,2019,Q1,2019-02-13 21:30:00,2019-02-13 16:30:00,16:30,True,2019-02-14
CSCO,2019-May-15-CSCO.txt,/Users/javierdominguezsegura/Academics/College/Courses/NLP/NASDAQ-NLP/dataset/Transcripts/CSCO/2019-May-15-CSCO.txt,2019,Q2,2019-05-15 20:30:00,2019-05-15 16:30:00,16:30,True,2019-05-16
CSCO,2019-Aug-14-CSCO.txt,/Users/javierdominguezsegura/Academics/College/Courses/NLP/NASDAQ-NLP/dataset/Transcripts/CSCO/2019-Aug-14-CSCO.txt,2019,Q3,2019-08-14 20:30:00,2019-08-14 16:30:00,16:30,True,2019-08-15
CSCO,2019-Nov-13-CSCO.txt,/Users/javierdominguezsegura/Academics/College/Courses/NLP/NASDAQ-NLP/dataset/Transcripts/CSCO/2019-Nov-13-CSCO.txt,2019,Q4,2019-11-13 21:30:00,2019-11-13 16:30:00,16:30,True,2019-11-14
CSCO,2020-Feb-12-CSCO.txt,/Users/javierdominguezsegura/Academics/College/Courses/NLP/NASDAQ-NLP/dataset/Transcripts/CSCO/2020-Feb-12-CSCO.txt,2020,Q1,2020-02-12 21:30:00,2020-02-12 16:30:00,16:30,True,2020-02-13
CSCO,2020-May-13-CSCO.txt,/Users/javierdominguezsegura/Academics/College/Courses/NLP/NASDAQ-NLP/dataset/Transcripts/CSCO/2020-May-13-CSCO.txt,2020,Q2,2020-05-13 20:30:00,2020-05-13 16:30:00,16:30,True,2020-05-14
CSCO,2020-Aug-12-CSCO.txt,/Users/javierdominguezsegura/Academics/College/Courses/NLP/NASDAQ-NLP/dataset/Transcripts/CSCO/2020-Aug-12-CSCO.txt,2020,Q3,2020-08-12 20:30:00,2020-08-12 16:30:00,16:30,True,2020-08-13
GOOGL,2016-Feb-01-GOOGL.txt,/Users/javierdominguezsegura/Academics/College/Courses/NLP/NASDAQ-NLP/dataset/Transcripts/GOOGL/2016-Feb-01-GOOGL.txt,2016,Q1,2016-02-01 21:30:00,2016-02-01 16:30:00,16:30,True,2016-02-02
GOOGL,2016-Apr-21-GOOGL.txt,/Users/javierdominguezsegura/Academics/College/Courses/NLP/NASDAQ-NLP/dataset/Transcripts/GOOGL/2016-Apr-21-GOOGL.txt,2016,Q2,2016-04-21 20:30:00,2016-04-21 16:30:00,16:30,True,2016-04-22
GOOGL,2016-Jul-28-GOOGL.txt,/Users/javierdominguezsegura/Academics/College/Courses/NLP/NASDAQ-NLP/dataset/Transcripts/GOOGL/2016-Jul-28-GOOGL.txt,2016,Q3,2016-07-28 20:30:00,2016-07-28 16:30:00,16:30,True,2016-07-29
GOOGL,2016-Oct-27-GOOGL.txt,/Users/javierdominguezsegura/Academics/College/Courses/NLP/NASDAQ-NLP/dataset/Transcripts/GOOGL/2016-Oct-27-GOOGL.txt,2016,Q4,2016-10-27 20:30:00,2016-10-27 16:30:00,16:30,True,2016-10-28
GOOGL,2017-Jan-26-GOOGL.txt,/Users/javierdominguezsegura/Academics/College/Courses/NLP/NASDAQ-NLP/dataset/Transcripts/GOOGL/2017-Jan-26-GOOGL.txt,2017,Q1,2017-01-26 21:30:00,2017-01-26 16:30:00,16:30,True,2017-01-27
GOOGL,2017-Apr-27-GOOGL.txt,/Users/javierdominguezsegura/Academics/College/Courses/NLP/NASDAQ-NLP/dataset/Transcripts/GOOGL/2017-Apr-27-GOOGL.txt,2017,Q2,2017-04-27 20:30:00,2017-04-27 16:30:00,16:30,True,2017-04-28
GOOGL,2017-Jul-24-GOOGL.txt,/Users/javierdominguezsegura/Academics/College/Courses/NLP/NASDAQ-NLP/dataset/Transcripts/GOOGL/2017-Jul-24-GOOGL.txt,2017,Q3,2017-07-24 21:00:00,2017-07-24 17:00:00,17:00,True,2017-07-25
GOOGL,2017-Oct-26-GOOGL.txt,/Users/javierdominguezsegura/Academics/College/Courses/NLP/NASDAQ-NLP/dataset/Transcripts/GOOGL/2017-Oct-26-GOOGL.txt,2017,Q4,2017-10-26 20:30:00,2017-10-26 16:30:00,16:30,True,2017-10-27
GOOGL,2018-Feb-01-GOOGL.txt,/Users/javierdominguezsegura/Academics/College/Courses/NLP/NASDAQ-NLP/dataset/Transcripts/GOOGL/2018-Feb-01-GOOGL.txt,2018,Q1,2018-02-01 21:30:00,2018-02-01 16:30:00,16:30,True,2018-02-02
GOOGL,2018-Apr-23-GOOGL.txt,/Users/javierdominguezsegura/Academics/College/Courses/NLP/NASDAQ-NLP/dataset/Transcripts/GOOGL/2018-Apr-23-GOOGL.txt,2018,Q2,2018-04-23 20:30:00,2018-04-23 16:30:00,16:30,True,2018-04-24
GOOGL,2018-Jul-23-GOOGL.txt,/Users/javierdominguezsegura/Academics/College/Courses/NLP/NASDAQ-NLP/dataset/Transcripts/GOOGL/2018-Jul-23-GOOGL.txt,2018,Q3,2018-07-23 20:30:00,2018-07-23 16:30:00,16:30,True,2018-07-24
GOOGL,2018-Oct-25-GOOGL.txt,/Users/javierdominguezsegura/Academics/College/Courses/NLP/NASDAQ-NLP/dataset/Transcripts/GOOGL/2018-Oct-25-GOOGL.txt,2018,Q4,2018-10-25 20:30:00,2018-10-25 16:30:00,16:30,True,2018-10-26
GOOGL,2019-Feb-04-GOOGL.txt,/Users/javierdominguezsegura/Academics/College/Courses/NLP/NASDAQ-NLP/dataset/Transcripts/GOOGL/2019-Feb-04-GOOGL.txt,2019,Q1,2019-02-04 21:30:00,2019-02-04 16:30:00,16:30,True,2019-02-05
GOOGL,2019-Apr-29-GOOGL.txt,/Users/javierdominguezsegura/Academics/College/Courses/NLP/NASDAQ-NLP/dataset/Transcripts/GOOGL/2019-Apr-29-GOOGL.txt,2019,Q2,2019-04-29 20:30:00,2019-04-29 16:30:00,16:30,True,2019-04-30
GOOGL,2019-Jul-25-GOOGL.txt,/Users/javierdominguezsegura/Academics/College/Courses/NLP/NASDAQ-NLP/dataset/Transcripts/GOOGL/2019-Jul-25-GOOGL.txt,2019,Q3,2019-07-25 20:30:00,2019-07-25 16:30:00,16:30,True,2019-07-26
GOOGL,2019-Oct-28-GOOGL.txt,/Users/javierdominguezsegura/Academics/College/Courses/NLP/NASDAQ-NLP/dataset/Transcripts/GOOGL/2019-Oct-28-GOOGL.txt,2019,Q4,2019-10-28 21:00:00,2019-10-28 17:00:00,17:00,True,2019-10-29
GOOGL,2020-Feb-03-GOOGL.txt,/Users/javierdominguezsegura/Academics/College/Courses/NLP/NASDAQ-NLP/dataset/Transcripts/GOOGL/2020-Feb-03-GOOGL.txt,2020,Q1,2020-02-03 22:00:00,2020-02-03 17:00:00,17:00,True,2020-02-04
GOOGL,2020-Apr-28-GOOGL.txt,/Users/javierdominguezsegura/Academics/College/Courses/NLP/NASDAQ-NLP/dataset/Transcripts/GOOGL/2020-Apr-28-GOOGL.txt,2020,Q2,2020-04-28 20:30:00,2020-04-28 16:30:00,16:30,True,2020-04-29
GOOGL,2020-Jul-30-GOOGL.txt,/Users/javierdominguezsegura/Academics/College/Courses/NLP/NASDAQ-NLP/dataset/Transcripts/GOOGL/2020-Jul-30-GOOGL.txt,2020,Q3,2020-07-30 20:30:00,2020-07-30 16:30:00,16:30,True,2020-07-31
INTC,2016-Jan-14-INTC.txt,/Users/javierdominguezsegura/Academics/College/Courses/NLP/NASDAQ-NLP/dataset/Transcripts/INTC/2016-Jan-14-INTC.txt,2016,Q1,2016-01-14 22:00:00,2016-01-14 17:00:00,17:00,True,2016-01-15
INTC,2016-Apr-19-INTC.txt,/Users/javierdominguezsegura/Academics/College/Courses/NLP/NASDAQ-NLP/dataset/Transcripts/INTC/2016-Apr-19-INTC.txt,2016,Q2,2016-04-19 21:00:00,2016-04-19 17:00:00,17:00,True,2016-04-20
INTC,2016-Jul-20-INTC.txt,/Users/javierdominguezsegura/Academics/College/Courses/NLP/NASDAQ-NLP/dataset/Transcripts/INTC/2016-Jul-20-INTC.txt,2016,Q3,2016-07-20 21:30:00,2016-07-20 17:30:00,17:30,True,2016-07-21
INTC,2016-Oct-18-INTC.txt,/Users/javierdominguezsegura/Academics/College/Courses/NLP/NASDAQ-NLP/dataset/Transcripts/INTC/2016-Oct-18-INTC.txt,2016,Q4,2016-10-18 21:00:00,2016-10-18 17:00:00,17:00,True,2016-10-19
INTC,2017-Jan-26-INTC.txt,/Users/javierdominguezsegura/Academics/College/Courses/NLP/NASDAQ-NLP/dataset/Transcripts/INTC/2017-Jan-26-INTC.txt,2017,Q1,2017-01-26 22:00:00,2017-01-26 17:00:00,17:00,True,2017-01-27
INTC,2017-Apr-27-INTC.txt,/Users/javierdominguezsegura/Academics/College/Courses/NLP/NASDAQ-NLP/dataset/Transcripts/INTC/2017-Apr-27-INTC.txt,2017,Q2,2017-04-27 21:00:00,2017-04-27 17:00:00,17:00,True,2017-04-28
INTC,2017-Jul-27-INTC.txt,/Users/javierdominguezsegura/Academics/College/Courses/NLP/NASDAQ-NLP/dataset/Transcripts/INTC/2017-Jul-27-INTC.txt,2017,Q3,2017-07-27 21:00:00,2017-07-27 17:00:00,17:00,True,2017-07-28
INTC,2017-Oct-26-INTC.txt,/Users/javierdominguezsegura/Academics/College/Courses/NLP/NASDAQ-NLP/dataset/Transcripts/INTC/2017-Oct-26-INTC.txt,2017,Q4,2017-10-26 21:00:00,2017-10-26 17:00:00,17:00,True,2017-10-27
INTC,2018-Jan-25-INTC.txt,/Users/javierdominguezsegura/Academics/College/Courses/NLP/NASDAQ-NLP/dataset/Transcripts/INTC/2018-Jan-25-INTC.txt,2018,Q1,2018-01-25 22:00:00,2018-01-25 17:00:00,17:00,True,2018-01-26
INTC,2018-Apr-26-INTC.txt,/Users/javierdominguezsegura/Academics/College/Courses/NLP/NASDAQ-NLP/dataset/Transcripts/INTC/2018-Apr-26-INTC.txt,2018,Q2,2018-04-26 21:00:00,2018-04-26 17:00:00,17:00,True,2018-04-27
INTC,2018-Jul-26-INTC.txt,/Users/javierdominguezsegura/Academics/College/Courses/NLP/NASDAQ-NLP/dataset/Transcripts/INTC/2018-Jul-26-INTC.txt,2018,Q3,2018-07-26 21:00:00,2018-07-26 17:00:00,17:00,True,2018-07-27
INTC,2018-Oct-25-INTC.txt,/Users/javierdominguezsegura/Academics/College/Courses/NLP/NASDAQ-NLP/dataset/Transcripts/INTC/2018-Oct-25-INTC.txt,2018,Q4,2018-10-25 21:00:00,2018-10-25 17:00:00,17:00,True,2018-10-26
INTC,2019-Jan-24-INTC.txt,/Users/javierdominguezsegura/Academics/College/Courses/NLP/NASDAQ-NLP/dataset/Transcripts/INTC/2019-Jan-24-INTC.txt,2019,Q1,2019-01-24 22:00:00,2019-01-24 17:00:00,17:00,True,2019-01-25
INTC,2019-Apr-25-INTC.txt,/Users/javierdominguezsegura/Academics/College/Courses/NLP/NASDAQ-NLP/dataset/Transcripts/INTC/2019-Apr-25-INTC.txt,2019,Q2,2019-04-25 21:00:00,2019-04-25 17:00:00,17:00,True,2019-04-26
INTC,2019-Jul-25-INTC.txt,/Users/javierdominguezsegura/Academics/College/Courses/NLP/NASDAQ-NLP/dataset/Transcripts/INTC/2019-Jul-25-INTC.txt,2019,Q3,2019-07-25 21:00:00,2019-07-25 17:00:00,17:00,True,2019-07-26
INTC,2019-Oct-24-INTC.txt,/Users/javierdominguezsegura/Academics/College/Courses/NLP/NASDAQ-NLP/dataset/Transcripts/INTC/2019-Oct-24-INTC.txt,2019,Q4,2019-10-24 21:00:00,2019-10-24 17:00:00,17:00,True,2019-10-25
INTC,2020-Jan-23-INTC.txt,/Users/javierdominguezsegura/Academics/College/Courses/NLP/NASDAQ-NLP/dataset/Transcripts/INTC/2020-Jan-23-INTC.txt,2020,Q1,2020-01-23 22:00:00,2020-01-23 17:00:00,17:00,True,2020-01-24
INTC,2020-Apr-23-INTC.txt,/Users/javierdominguezsegura/Academics/College/Courses/NLP/NASDAQ-NLP/dataset/Transcripts/INTC/2020-Apr-23-INTC.txt,2020,Q2,2020-04-23 21:00:00,2020-04-23 17:00:00,17:00,True,2020-04-24
INTC,2020-Jul-23-INTC.txt,/Users/javierdominguezsegura/Academics/College/Courses/NLP/NASDAQ-NLP/dataset/Transcripts/INTC/2020-Jul-23-INTC.txt,2020,Q3,2020-07-23 21:00:00,2020-07-23 17:00:00,17:00,True,2020-07-24
MSFT,2016-Jan-28-MSFT.txt,/Users/javierdominguezsegura/Academics/College/Courses/NLP/NASDAQ-NLP/dataset/Transcripts/MSFT/2016-Jan-28-MSFT.txt,2016,Q1,2016-01-28 22:30:00,2016-01-28 17:30:00,17:30,True,2016-01-29
MSFT,2016-Apr-21-MSFT.txt,/Users/javierdominguezsegura/Academics/College/Courses/NLP/NASDAQ-NLP/dataset/Transcripts/MSFT/2016-Apr-21-MSFT.txt,2016,Q2,2016-04-21 21:30:00,2016-04-21 17:30:00,17:30,True,2016-04-22
MSFT,2016-Jul-19-MSFT.txt,/Users/javierdominguezsegura/Academics/College/Courses/NLP/NASDAQ-NLP/dataset/Transcripts/MSFT/2016-Jul-19-MSFT.txt,2016,Q3,2016-07-19 21:30:00,2016-07-19 17:30:00,17:30,True,2016-07-20
MSFT,2016-Oct-20-MSFT.txt,/Users/javierdominguezsegura/Academics/College/Courses/NLP/NASDAQ-NLP/dataset/Transcripts/MSFT/2016-Oct-20-MSFT.txt,2016,Q4,2016-10-20 21:30:00,2016-10-20 17:30:00,17:30,True,2016-10-21
MSFT,2017-Jan-26-MSFT.txt,/Users/javierdominguezsegura/Academics/College/Courses/NLP/NASDAQ-NLP/dataset/Transcripts/MSFT/2017-Jan-26-MSFT.txt,2017,Q1,2017-01-26 22:30:00,2017-01-26 17:30:00,17:30,True,2017-01-27
MSFT,2017-Apr-27-MSFT.txt,/Users/javierdominguezsegura/Academics/College/Courses/NLP/NASDAQ-NLP/dataset/Transcripts/MSFT/2017-Apr-27-MSFT.txt,2017,Q2,2017-04-27 21:30:00,2017-04-27 17:30:00,17:30,True,2017-04-28
MSFT,2017-Jul-20-MSFT.txt,/Users/javierdominguezsegura/Academics/College/Courses/NLP/NASDAQ-NLP/dataset/Transcripts/MSFT/2017-Jul-20-MSFT.txt,2017,Q3,2017-07-20 21:30:00,2017-07-20 17:30:00,17:30,True,2017-07-21
MSFT,2017-Oct-26-MSFT.txt,/Users/javierdominguezsegura/Academics/College/Courses/NLP/NASDAQ-NLP/dataset/Transcripts/MSFT/2017-Oct-26-MSFT.txt,2017,Q4,2017-10-26 21:30:00,2017-10-26 17:30:00,17:30,True,2017-10-27
MSFT,2018-Jan-31-MSFT.txt,/Users/javierdominguezsegura/Academics/College/Courses/NLP/NASDAQ-NLP/dataset/Transcripts/MSFT/2018-Jan-31-MSFT.txt,2018,Q1,2018-01-31 22:30:00,2018-01-31 17:30:00,17:30,True,2018-02-01
MSFT,2018-Apr-26-MSFT.txt,/Users/javierdominguezsegura/Academics/College/Courses/NLP/NASDAQ-NLP/dataset/Transcripts/MSFT/2018-Apr-26-MSFT.txt,2018,Q2,2018-04-26 21:30:00,2018-04-26 17:30:00,17:30,True,2018-04-27
MSFT,2018-Jul-19-MSFT.txt,/Users/javierdominguezsegura/Academics/College/Courses/NLP/NASDAQ-NLP/dataset/Transcripts/MSFT/2018-Jul-19-MSFT.txt,2018,Q3,2018-07-19 21:30:00,2018-07-19 17:30:00,17:30,True,2018-07-20
MSFT,2018-Oct-24-MSFT.txt,/Users/javierdominguezsegura/Academics/College/Courses/NLP/NASDAQ-NLP/dataset/Transcripts/MSFT/2018-Oct-24-MSFT.txt,2018,Q4,2018-10-24 21:30:00,2018-10-24 17:30:00,17:30,True,2018-10-25
MSFT,2019-Jan-30-MSFT.txt,/Users/javierdominguezsegura/Academics/College/Courses/NLP/NASDAQ-NLP/dataset/Transcripts/MSFT/2019-Jan-30-MSFT.txt,2019,Q1,2019-01-30 22:30:00,2019-01-30 17:30:00,17:30,True,2019-01-31
MSFT,2019-Apr-24-MSFT.txt,/Users/javierdominguezsegura/Academics/College/Courses/NLP/NASDAQ-NLP/dataset/Transcripts/MSFT/2019-Apr-24-MSFT.txt,2019,Q2,2019-04-24 21:30:00,2019-04-24 17:30:00,17:30,True,2019-04-25
MSFT,2019-Jul-18-MSFT.txt,/Users/javierdominguezsegura/Academics/College/Courses/NLP/NASDAQ-NLP/dataset/Transcripts/MSFT/2019-Jul-18-MSFT.txt,2019,Q3,2019-07-18 21:30:00,2019-07-18 17:30:00,17:30,True,2019-07-19
MSFT,2019-Oct-23-MSFT.txt,/Users/javierdominguezsegura/Academics/College/Courses/NLP/NASDAQ-NLP/dataset/Transcripts/MSFT/2019-Oct-23-MSFT.txt,2019,Q4,2019-10-23 21:30:00,2019-10-23 17:30:00,17:30,True,2019-10-24
MSFT,2020-Jan-29-MSFT.txt,/Users/javierdominguezsegura/Academics/College/Courses/NLP/NASDAQ-NLP/dataset/Transcripts/MSFT/2020-Jan-29-MSFT.txt,2020,Q1,2020-01-29 22:30:00,2020-01-29 17:30:00,17:30,True,2020-01-30
MSFT,2020-Apr-29-MSFT.txt,/Users/javierdominguezsegura/Academics/College/Courses/NLP/NASDAQ-NLP/dataset/Transcripts/MSFT/2020-Apr-29-MSFT.txt,2020,Q2,2020-04-29 21:30:00,2020-04-29 17:30:00,17:30,True,2020-04-30
MSFT,2020-Jul-22-MSFT.txt,/Users/javierdominguezsegura/Academics/College/Courses/NLP/NASDAQ-NLP/dataset/Transcripts/MSFT/2020-Jul-22-MSFT.txt,2020,Q3,2020-07-22 21:30:00,2020-07-22 17:30:00,17:30,True,2020-07-23
MU,2016-Mar-30-MU.txt,/Users/javierdominguezsegura/Academics/College/Courses/NLP/NASDAQ-NLP/dataset/Transcripts/MU/2016-Mar-30-MU.txt,2016,Q1,2016-03-30 20:30:00,2016-03-30 16:30:00,16:30,True,2016-03-31
MU,2016-Jun-30-MU.txt,/Users/javierdominguezsegura/Academics/College/Courses/NLP/NASDAQ-NLP/dataset/Transcripts/MU/2016-Jun-30-MU.txt,2016,Q2,2016-06-30 20:30:00,2016-06-30 16:30:00,16:30,True,2016-07-01
MU,2016-Oct-04-MU.txt,/Users/javierdominguezsegura/Academics/College/Courses/NLP/NASDAQ-NLP/dataset/Transcripts/MU/2016-Oct-04-MU.txt,2016,Q4,2016-10-04 20:30:00,2016-10-04 16:30:00,16:30,True,2016-10-05
MU,2016-Dec-21-MU.txt,/Users/javierdominguezsegura/Academics/College/Courses/NLP/NASDAQ-NLP/dataset/Transcripts/MU/2016-Dec-21-MU.txt,2016,Q4,2016-12-21 21:30:00,2016-12-21 16:30:00,16:30,True,2016-12-22
MU,2017-Mar-23-MU.txt,/Users/javierdominguezsegura/Academics/College/Courses/NLP/NASDAQ-NLP/dataset/Transcripts/MU/2017-Mar-23-MU.txt,2017,Q1,2017-03-23 20:30:00,2017-03-23 16:30:00,16:30,True,2017-03-24
MU,2017-Jun-29-MU.txt,/Users/javierdominguezsegura/Academics/College/Courses/NLP/NASDAQ-NLP/dataset/Transcripts/MU/2017-Jun-29-MU.txt,2017,Q2,2017-06-29 20:30:00,2017-06-29 16:30:00,16:30,True,2017-06-30
MU,2017-Sep-26-MU.txt,/Users/javierdominguezsegura/Academics/College/Courses/NLP/NASDAQ-NLP/dataset/Transcripts/MU/2017-Sep-26-MU.txt,2017,Q3,2017-09-26 20:30:00,2017-09-26 16:30:00,16:30,True,2017-09-27
MU,2017-Dec-19-MU.txt,/Users/javierdominguezsegura/Academics/College/Courses/NLP/NASDAQ-NLP/dataset/Transcripts/MU/2017-Dec-19-MU.txt,2017,Q4,2017-12-19 21:30:00,2017-12-19 16:30:00,16:30,True,2017-12-20
MU,2018-Mar-22-MU.txt,/Users/javierdominguezsegura/Academics/College/Courses/NLP/NASDAQ-NLP/dataset/Transcripts/MU/2018-Mar-22-MU.txt,2018,Q1,2018-03-22 20:30:00,2018-03-22 16:30:00,16:30,True,2018-03-23
MU,2018-Sep-20-MU.txt,/Users/javierdominguezsegura/Academics/College/Courses/NLP/NASDAQ-NLP/dataset/Transcripts/MU/2018-Sep-20-MU.txt,2018,Q3,2018-09-20 20:30:00,2018-09-20 16:30:00,16:30,True,2018-09-21
MU,2018-Dec-18-MU.txt,/Users/javierdominguezsegura/Academics/College/Courses/NLP/NASDAQ-NLP/dataset/Transcripts/MU/2018-Dec-18-MU.txt,2018,Q4,2018-12-18 21:30:00,2018-12-18 16:30:00,16:30,True,2018-12-19
MU,2019-Mar-20-MU.txt,/Users/javierdominguezsegura/Academics/College/Courses/NLP/NASDAQ-NLP/dataset/Transcripts/MU/2019-Mar-20-MU.txt,2019,Q1,2019-03-20 20:30:00,2019-03-20 16:30:00,16:30,True,2019-03-21
MU,2019-Jun-25-MU.txt,/Users/javierdominguezsegura/Academics/College/Courses/NLP/NASDAQ-NLP/dataset/Transcripts/MU/2019-Jun-25-MU.txt,2019,Q2,2019-06-25 20:30:00,2019-06-25 16:30:00,16:30,True,2019-06-26
MU,2019-Sep-26-MU.txt,/Users/javierdominguezsegura/Academics/College/Courses/NLP/NASDAQ-NLP/dataset/Transcripts/MU/2019-Sep-26-MU.txt,2019,Q3,2019-09-26 20:30:00,2019-09-26 16:30:00,16:30,True,2019-09-27
MU,2019-Dec-18-MU.txt,/Users/javierdominguezsegura/Academics/College/Courses/NLP/NASDAQ-NLP/dataset/Transcripts/MU/2019-Dec-18-MU.txt,2019,Q4,2019-12-18 21:30:00,2019-12-18 16:30:00,16:30,True,2019-12-19
MU,2020-Mar-25-MU.txt,/Users/javierdominguezsegura/Academics/College/Courses/NLP/NASDAQ-NLP/dataset/Transcripts/MU/2020-Mar-25-MU.txt,2020,Q1,2020-03-25 20:30:00,2020-03-25 16:30:00,16:30,True,2020-03-26
MU,2020-Jun-29-MU.txt,/Users/javierdominguezsegura/Academics/College/Courses/NLP/NASDAQ-NLP/dataset/Transcripts/MU/2020-Jun-29-MU.txt,2020,Q2,2020-06-29 20:30:00,2020-06-29 16:30:00,16:30,True,2020-06-30
NVDA,2016-Feb-17-NVDA.txt,/Users/javierdominguezsegura/Academics/College/Courses/NLP/NASDAQ-NLP/dataset/Transcripts/NVDA/2016-Feb-17-NVDA.txt,2016,Q1,2016-02-17 22:00:00,2016-02-17 17:00:00,17:00,True,2016-02-18
NVDA,2016-May-12-NVDA.txt,/Users/javierdominguezsegura/Academics/College/Courses/NLP/NASDAQ-NLP/dataset/Transcripts/NVDA/2016-May-12-NVDA.txt,2016,Q2,2016-05-12 21:00:00,2016-05-12 17:00:00,17:00,True,2016-05-13
NVDA,2016-Aug-11-NVDA.txt,/Users/javierdominguezsegura/Academics/College/Courses/NLP/NASDAQ-NLP/dataset/Transcripts/NVDA/2016-Aug-11-NVDA.txt,2016,Q3,2016-08-11 21:00:00,2016-08-11 17:00:00,17:00,True,2016-08-12
NVDA,2016-Nov-10-NVDA.txt,/Users/javierdominguezsegura/Academics/College/Courses/NLP/NASDAQ-NLP/dataset/Transcripts/NVDA/2016-Nov-10-NVDA.txt,2016,Q4,2016-11-10 22:00:00,2016-11-10 17:00:00,17:00,True,2016-11-11
NVDA,2017-Feb-09-NVDA.txt,/Users/javierdominguezsegura/Academics/College/Courses/NLP/NASDAQ-NLP/dataset/Transcripts/NVDA/2017-Feb-09-NVDA.txt,2017,Q1,2017-02-09 22:00:00,2017-02-09 17:00:00,17:00,True,2017-02-10
NVDA,2017-May-09-NVDA.txt,/Users/javierdominguezsegura/Academics/College/Courses/NLP/NASDAQ-NLP/dataset/Transcripts/NVDA/2017-May-09-NVDA.txt,2017,Q2,2017-05-09 21:00:00,2017-05-09 17:00:00,17:00,True,2017-05-10
NVDA,2017-Aug-10-NVDA.txt,/Users/javierdominguezsegura/Academics/College/Courses/NLP/NASDAQ-NLP/dataset/Transcripts/NVDA/2017-Aug-10-NVDA.txt,2017,Q3,2017-08-10 21:00:00,2017-08-10 17:00:00,17:00,True,2017-08-11
NVDA,2017-Nov-09-NVDA.txt,/Users/javierdominguezsegura/Academics/College/Courses/NLP/NASDAQ-NLP/dataset/Transcripts/NVDA/2017-Nov-09-NVDA.txt,2017,Q4,2017-11-09 22:00:00,2017-11-09 17:00:00,17:00,True,2017-11-10
NVDA,2018-Feb-08-NVDA.txt,/Users/javierdominguezsegura/Academics/College/Courses/NLP/NASDAQ-NLP/dataset/Transcripts/NVDA/2018-Feb-08-NVDA.txt,2018,Q1,2018-02-08 22:00:00,2018-02-08 17:00:00,17:00,True,2018-02-09
NVDA,2018-May-10-NVDA.txt,/Users/javierdominguezsegura/Academics/College/Courses/NLP/NASDAQ-NLP/dataset/Transcripts/NVDA/2018-May-10-NVDA.txt,2018,Q2,2018-05-10 21:00:00,2018-05-10 17:00:00,17:00,True,2018-05-11
NVDA,2018-Aug-16-NVDA.txt,/Users/javierdominguezsegura/Academics/College/Courses/NLP/NASDAQ-NLP/dataset/Transcripts/NVDA/2018-Aug-16-NVDA.txt,2018,Q3,2018-08-16 21:30:00,2018-08-16 17:30:00,17:30,True,2018-08-17
NVDA,2018-Nov-15-NVDA.txt,/Users/javierdominguezsegura/Academics/College/Courses/NLP/NASDAQ-NLP/dataset/Transcripts/NVDA/2018-Nov-15-NVDA.txt,2018,Q4,2018-11-15 22:30:00,2018-11-15 17:30:00,17:30,True,2018-11-16
NVDA,2019-Feb-14-NVDA.txt,/Users/javierdominguezsegura/Academics/College/Courses/NLP/NASDAQ-NLP/dataset/Transcripts/NVDA/2019-Feb-14-NVDA.txt,2019,Q1,2019-02-14 22:30:00,2019-02-14 17:30:00,17:30,True,2019-02-15
NVDA,2019-May-16-NVDA.txt,/Users/javierdominguezsegura/Academics/College/Courses/NLP/NASDAQ-NLP/dataset/Transcripts/NVDA/2019-May-16-NVDA.txt,2019,Q2,2019-05-16 21:30:00,2019-05-16 17:30:00,17:30,True,2019-05-17
NVDA,2019-Aug-15-NVDA.txt,/Users/javierdominguezsegura/Academics/College/Courses/NLP/NASDAQ-NLP/dataset/Transcripts/NVDA/2019-Aug-15-NVDA.txt,2019,Q3,2019-08-15 21:30:00,2019-08-15 17:30:00,17:30,True,2019-08-16
NVDA,2019-Nov-14-NVDA.txt,/Users/javierdominguezsegura/Academics/College/Courses/NLP/NASDAQ-NLP/dataset/Transcripts/NVDA/2019-Nov-14-NVDA.txt,2019,Q4,2019-11-14 22:30:00,2019-11-14 17:30:00,17:30,True,2019-11-15
NVDA,2020-Feb-13-NVDA.txt,/Users/javierdominguezsegura/Academics/College/Courses/NLP/NASDAQ-NLP/dataset/Transcripts/NVDA/2020-Feb-13-NVDA.txt,2020,Q1,2020-02-13 22:30:00,2020-02-13 17:30:00,17:30,True,2020-02-14
NVDA,2020-May-21-NVDA.txt,/Users/javierdominguezsegura/Academics/College/Courses/NLP/NASDAQ-NLP/dataset/Transcripts/NVDA/2020-May-21-NVDA.txt,2020,Q2,2020-05-21 21:30:00,2020-05-21 17:30:00,17:30,True,2020-05-22
NVDA,2020-Aug-19-NVDA.txt,/Users/javierdominguezsegura/Academics/College/Courses/NLP/NASDAQ-NLP/dataset/Transcripts/NVDA/2020-Aug-19-NVDA.txt,2020,Q3,2020-08-19 21:00:00,2020-08-19 17:00:00,17:00,True,2020-08-20
