ticker,file_name,event_trading_day,total_tokens,neg_count,pos_count,neg_rate,pos_rate,neg_rate_pres,pos_rate_pres,neg_rate_qa,pos_rate_qa
AAPL,2016-Jan-26-AAPL.txt,2016-01-27,7826,91,105,0.0116279069767441,0.0134168157423971,0.0112903225806451,0.0311827956989247,0.0117331545424069,0.0078779751927589
AAPL,2016-Apr-26-AAPL.txt,2016-04-27,8910,82,105,0.0092031425364758,0.0117845117845117,0.0089786756453423,0.0179573512906846,0.0093527871305649,0.0076692854470632
AAPL,2016-Jul-26-AAPL.txt,2016-07-27,7257,54,105,0.0074410913600661,0.0144687887556841,0.0040899795501022,0.0276073619631901,0.0086776079984908,0.0096208262591963
AAPL,2016-Oct-25-AAPL.txt,2016-10-26,7784,48,119,0.0061664953751284,0.0152877697841726,0.0010090817356205,0.027749747729566,0.0079283005860048,0.0110306790761806
AAPL,2017-Jan-31-AAPL.txt,2017-02-01,7636,55,139,0.0072027239392352,0.0182032477737035,0.0030753459764223,0.0317785750896975,0.0086191732629727,0.0135444151275285
AAPL,2017-May-02-AAPL.txt,2017-05-03,7390,37,103,0.0050067658998646,0.0139377537212449,0.0015282730514518,0.0295466123280692,0.0062649714391007,0.0082918739635157
AAPL,2017-Aug-01-AAPL.txt,2017-08-02,7713,41,104,0.0053157007649423,0.0134837287696097,0.0028985507246376,0.0270531400966183,0.0062023746234272,0.0085061137692716
AAPL,2017-Nov-02-AAPL.txt,2017-11-03,6740,30,112,0.0044510385756676,0.0166172106824925,0.0005452562704471,0.0239912758996728,0.0059111292295148,0.0138605788830004
AAPL,2018-Feb-01-AAPL.txt,2018-02-02,7811,42,81,0.0053770323902189,0.0103699910382793,0.0005399568034557,0.0210583153347732,0.0068803490518543,0.0070481624433629
AAPL,2018_Q1_aapl_processed.txt,2018-04-30,1,0,0,0.0,0.0,0.0,0.0,0.0,0.0
AAPL,2018-May-01-AAPL.txt,2018-05-02,6731,35,109,0.0051998217203981,0.0161937305006685,0.0014436958614051,0.0235803657362848,0.0068772834730281,0.0128949065119277
AAPL,2018_Q2_aapl_processed.txt,2018-07-31,1,0,0,0.0,0.0,0.0,0.0,0.0,0.0
AAPL,2018-Jul-31-AAPL.txt,2018-08-01,7588,45,86,0.0059304164470216,0.011333684765419,0.0024057738572574,0.0180433039294306,0.0076560659599528,0.0080486847271299
AAPL,2018_Q3_aapl_processed.txt,2018-10-31,1,0,0,0.0,0.0,0.0,0.0,0.0,0.0
AAPL,2018-Nov-01-AAPL.txt,2018-11-02,8209,38,131,0.0046290656596418,0.0159580947740285,0.0013319126265316,0.0229088971763452,0.0074074074074074,0.0101010101010101
AAPL,2019-Jan-29-AAPL.txt,2019-01-30,7585,48,98,0.0063282794990112,0.0129202373104812,0.0058525165821303,0.0265314085056574,0.0065710872162485,0.005973715651135
AAPL,2018_Q4_aapl_processed.txt,2019-01-31,1,0,0,0.0,0.0,0.0,0.0,0.0,0.0
AAPL,2019_Q1_aapl_processed.txt,2019-04-30,1,0,0,0.0,0.0,0.0,0.0,0.0,0.0
AAPL,2019-Apr-30-AAPL.txt,2019-05-01,7213,47,117,0.0065160127547483,0.0162207126022459,0.0053120849933598,0.0258964143426294,0.0073791954296596,0.0092835039276362
AAPL,2019_Q2_aapl_processed.txt,2019-07-31,1,0,0,0.0,0.0,0.0,0.0,0.0,0.0
AAPL,2019_Q3_aapl_processed.txt,2019-10-31,1,0,0,0.0,0.0,0.0,0.0,0.0,0.0
AAPL,2020-Jan-28-AAPL.txt,2020-01-29,7109,47,89,0.0066113377408918,0.0125193416795611,0.00341796875,0.02099609375,0.0079035763683066,0.0090891128235526
AAPL,2019_Q4_aapl_processed.txt,2020-01-31,1,0,0,0.0,0.0,0.0,0.0,0.0,0.0
AAPL,2020_Q1_aapl_processed.txt,2020-04-30,1,0,0,0.0,0.0,0.0,0.0,0.0,0.0
AAPL,2020-Apr-30-AAPL.txt,2020-05-01,7698,66,89,0.0085736554949337,0.011561444531047,0.009705248023005,0.0197699496764917,0.0079332790886899,0.0069161920260374
AAPL,2020_Q2_aapl_processed.txt,2020-07-31,1,0,0,0.0,0.0,0.0,0.0,0.0,0.0
AAPL,2020_Q3_aapl_processed.txt,2020-11-02,1,0,0,0.0,0.0,0.0,0.0,0.0,0.0
AAPL,2020_Q4_aapl_processed.txt,2021-02-01,1,0,0,0.0,0.0,0.0,0.0,0.0,0.0
AAPL,2021_Q1_aapl_processed.txt,2021-04-30,1,0,0,0.0,0.0,0.0,0.0,0.0,0.0
AAPL,2021_Q2_aapl_processed.txt,2021-08-02,1,0,0,0.0,0.0,0.0,0.0,0.0,0.0
AAPL,2021_Q3_aapl_processed.txt,2021-11-01,1,0,0,0.0,0.0,0.0,0.0,0.0,0.0
AAPL,2021_Q4_aapl_processed.txt,2022-01-31,1,0,0,0.0,0.0,0.0,0.0,0.0,0.0
AAPL,2022_Q1_aapl_processed.txt,2022-05-02,1,0,0,0.0,0.0,0.0,0.0,0.0,0.0
AAPL,2022_Q2_aapl_processed.txt,2022-08-01,1,0,0,0.0,0.0,0.0,0.0,0.0,0.0
AAPL,2022_Q3_aapl_processed.txt,2022-10-31,1,0,0,0.0,0.0,0.0,0.0,0.0,0.0
AAPL,2022_Q4_aapl_processed.txt,2023-01-31,1,0,0,0.0,0.0,0.0,0.0,0.0,0.0
AAPL,2023_Q1_aapl_processed.txt,2023-05-01,1,0,0,0.0,0.0,0.0,0.0,0.0,0.0
AAPL,2023_Q2_aapl_processed.txt,2023-07-31,1,0,0,0.0,0.0,0.0,0.0,0.0,0.0
AAPL,2023_Q3_aapl_processed.txt,2023-10-31,1,0,0,0.0,0.0,0.0,0.0,0.0,0.0
AAPL,2023_Q4_aapl_processed.txt,2024-01-31,1,0,0,0.0,0.0,0.0,0.0,0.0,0.0
AAPL,2024_Q1_aapl_processed.txt,2024-04-30,1,0,0,0.0,0.0,0.0,0.0,0.0,0.0
AAPL,2024_Q2_aapl_processed.txt,2024-07-31,1,0,0,0.0,0.0,0.0,0.0,0.0,0.0
AAPL,2024_Q3_aapl_processed.txt,2024-10-31,1,0,0,0.0,0.0,0.0,0.0,0.0,0.0
ACN,2018_Q1_acn_processed.txt,2018-04-30,7944,40,169,0.0050352467270896,0.0212739174219536,0.0,0.0,0.0050473186119873,0.0213249211356466
ACN,2018_Q2_acn_processed.txt,2018-07-31,1,0,0,0.0,0.0,0.0,0.0,0.0,0.0
ACN,2018_Q3_acn_processed.txt,2018-10-31,8211,45,186,0.0054804530507855,0.0226525392765802,0.0,0.0,0.005495847581827,0.0227161700048851
ACN,2018_Q4_acn_processed.txt,2019-01-31,7415,47,147,0.0063385030343897,0.0198246797033041,0.0063385030343897,0.0198246797033041,0.0,0.0
ACN,2019_Q1_acn_processed.txt,2019-04-30,1,0,0,0.0,0.0,0.0,0.0,0.0,0.0
ACN,2019_Q2_acn_processed.txt,2019-07-31,1,0,0,0.0,0.0,0.0,0.0,0.0,0.0
ACN,2019_Q3_acn_processed.txt,2019-10-31,7867,51,156,0.0064827761535528,0.0198296682343968,0.0,0.0,0.0064959877722583,0.0198700802445548
ACN,2019_Q4_acn_processed.txt,2020-01-31,7811,51,122,0.0065292536166944,0.0156189988477787,0.0,0.0,0.0065434949961508,0.0156530664613805
ACN,2020_Q1_acn_processed.txt,2020-04-30,8293,41,167,0.0049439286144941,0.0201374653322078,0.0,0.0,0.0049534855624018,0.0201763924127099
ACN,2020_Q2_acn_processed.txt,2020-07-31,7718,70,106,0.0090697071780253,0.0137341280124384,0.0,0.0,0.0090920898818028,0.0137680218210157
ACN,2020_Q3_acn_processed.txt,2020-11-02,1,0,0,0.0,0.0,0.0,0.0,0.0,0.0
ACN,2020_Q4_acn_processed.txt,2021-02-01,7997,66,111,0.0082530949105914,0.0138802050769038,0.0082530949105914,0.0138802050769038,0.0,0.0
ACN,2021_Q1_acn_processed.txt,2021-04-30,7935,53,148,0.0066792690611216,0.0186515437933207,0.0,0.0,0.0066927642379088,0.018689228437934
ACN,2021_Q2_acn_processed.txt,2021-08-02,8116,47,148,0.0057910300640709,0.0182355840315426,0.0057910300640709,0.0182355840315426,0.0,0.0
ACN,2021_Q3_acn_processed.txt,2021-11-01,7279,40,124,0.0054952603379585,0.0170353070476713,0.0,0.0,0.0055096418732782,0.0170798898071625
ACN,2021_Q4_acn_processed.txt,2022-01-31,8012,39,135,0.0048676984523215,0.0168497254118821,0.0,0.0,0.0048786589942456,0.0168876657493119
ACN,2022_Q1_acn_processed.txt,2022-05-02,6533,47,100,0.0071942446043165,0.0153069034134394,0.0,0.0,0.0072108008591592,0.0153421294875728
ACN,2022_Q2_acn_processed.txt,2022-08-01,8177,64,105,0.0078268313562431,0.0128408951938363,0.0078268313562431,0.0128408951938363,0.0,0.0
ACN,2022_Q3_acn_processed.txt,2022-10-31,7078,50,105,0.007064142413111,0.0148346990675332,0.007064142413111,0.0148346990675332,0.0,0.0
ACN,2022_Q4_acn_processed.txt,2023-01-31,8003,44,135,0.0054979382731475,0.0168686742471573,0.0,0.0,0.0055110220440881,0.0169088176352705
ACN,2023_Q1_acn_processed.txt,2023-05-01,8023,46,122,0.0057335161410943,0.0152062819394241,0.0,0.0,0.005744973148495,0.0152366679155738
ACN,2023_Q2_acn_processed.txt,2023-07-31,8403,46,127,0.0054742353921218,0.0151136498869451,0.0054742353921218,0.0151136498869451,0.0,0.0
ACN,2023_Q3_acn_processed.txt,2023-10-31,8666,42,139,0.0048465266558966,0.0160396953611816,0.0,0.0,0.0048554913294797,0.0160693641618497
ACN,2023_Q4_acn_processed.txt,2024-01-31,8012,43,101,0.0053669495756365,0.0126060908637044,0.0053669495756365,0.0126060908637044,0.0,0.0
ACN,2024_Q1_acn_processed.txt,2024-04-30,9727,46,162,0.0047291045543332,0.0166546725609129,0.0047291045543332,0.0166546725609129,0.0,0.0
ACN,2024_Q2_acn_processed.txt,2024-07-31,8765,55,119,0.0062749572162007,0.0135767256132344,0.0062749572162007,0.0135767256132344,0.0,0.0
ACN,2024_Q3_acn_processed.txt,2024-10-31,8781,52,171,0.00592187677941,0.0194738640245985,0.00592187677941,0.0194738640245985,0.0,0.0
ACN,2024_Q4_acn_processed.txt,2025-01-31,8353,27,105,0.0032323716030168,0.0125703340117323,0.0032323716030168,0.0125703340117323,0.0,0.0
ADBE,2018_Q1_adbe_processed.txt,2018-04-30,1,0,0,0.0,0.0,0.0,0.0,0.0,0.0
ADBE,2018_Q2_adbe_processed.txt,2018-07-31,1,0,0,0.0,0.0,0.0,0.0,0.0,0.0
ADBE,2018_Q3_adbe_processed.txt,2018-10-31,1,0,0,0.0,0.0,0.0,0.0,0.0,0.0
ADBE,2018_Q4_adbe_processed.txt,2019-01-31,1,0,0,0.0,0.0,0.0,0.0,0.0,0.0
ADBE,2019_Q1_adbe_processed.txt,2019-04-30,1,0,0,0.0,0.0,0.0,0.0,0.0,0.0
ADBE,2019_Q2_adbe_processed.txt,2019-07-31,1,0,0,0.0,0.0,0.0,0.0,0.0,0.0
ADBE,2019_Q3_adbe_processed.txt,2019-10-31,1,0,0,0.0,0.0,0.0,0.0,0.0,0.0
ADBE,2019_Q4_adbe_processed.txt,2020-01-31,1,0,0,0.0,0.0,0.0,0.0,0.0,0.0
ADBE,2020_Q1_adbe_processed.txt,2020-04-30,1,0,0,0.0,0.0,0.0,0.0,0.0,0.0
ADBE,2020_Q2_adbe_processed.txt,2020-07-31,1,0,0,0.0,0.0,0.0,0.0,0.0,0.0
ADBE,2020_Q3_adbe_processed.txt,2020-11-02,1,0,0,0.0,0.0,0.0,0.0,0.0,0.0
ADBE,2020_Q4_adbe_processed.txt,2021-02-01,1,0,0,0.0,0.0,0.0,0.0,0.0,0.0
ADBE,2021_Q1_adbe_processed.txt,2021-04-30,1,0,0,0.0,0.0,0.0,0.0,0.0,0.0
ADBE,2021_Q2_adbe_processed.txt,2021-08-02,1,0,0,0.0,0.0,0.0,0.0,0.0,0.0
ADBE,2021_Q3_adbe_processed.txt,2021-11-01,1,0,0,0.0,0.0,0.0,0.0,0.0,0.0
ADBE,2021_Q4_adbe_processed.txt,2022-01-31,1,0,0,0.0,0.0,0.0,0.0,0.0,0.0
ADBE,2022_Q1_adbe_processed.txt,2022-05-02,1,0,0,0.0,0.0,0.0,0.0,0.0,0.0
ADBE,2022_Q2_adbe_processed.txt,2022-08-01,1,0,0,0.0,0.0,0.0,0.0,0.0,0.0
ADBE,2022_Q3_adbe_processed.txt,2022-10-31,1,0,0,0.0,0.0,0.0,0.0,0.0,0.0
ADBE,2022_Q4_adbe_processed.txt,2023-01-31,1,0,0,0.0,0.0,0.0,0.0,0.0,0.0
ADBE,2023_Q1_adbe_processed.txt,2023-05-01,1,0,0,0.0,0.0,0.0,0.0,0.0,0.0
ADBE,2023_Q2_adbe_processed.txt,2023-07-31,1,0,0,0.0,0.0,0.0,0.0,0.0,0.0
ADBE,2023_Q3_adbe_processed.txt,2023-10-31,1,0,0,0.0,0.0,0.0,0.0,0.0,0.0
ADBE,2023_Q4_adbe_processed.txt,2024-01-31,1,0,0,0.0,0.0,0.0,0.0,0.0,0.0
ADBE,2024_Q1_adbe_processed.txt,2024-04-30,1,0,0,0.0,0.0,0.0,0.0,0.0,0.0
ADBE,2024_Q2_adbe_processed.txt,2024-07-31,1,0,0,0.0,0.0,0.0,0.0,0.0,0.0
ADBE,2024_Q3_adbe_processed.txt,2024-10-31,1,0,0,0.0,0.0,0.0,0.0,0.0,0.0
AMD,2016-Jan-19-AMD.txt,2016-01-20,8339,63,134,0.0075548626933685,0.0160690730303393,0.0106114199090449,0.024254674077817,0.0066037735849056,0.0135220125786163
AMD,2016-Apr-21-AMD.txt,2016-04-22,8135,58,110,0.0071296865396435,0.0135218192993239,0.0090857467348097,0.026121521862578,0.0065892689049262,0.0100407907122685
AMD,2016-Jul-21-AMD.txt,2016-07-22,7737,55,102,0.0071086984619361,0.0131834044203179,0.006883604505632,0.0225281602002503,0.007167291089754,0.010750936634631
AMD,2016-Oct-20-AMD.txt,2016-10-21,6277,42,84,0.0066910944718814,0.0133821889437629,0.0021208907741251,0.0217391304347826,0.008654065133227,0.0097927579139148
AMD,2017-Jan-31-AMD.txt,2017-02-01,7060,50,111,0.0070821529745042,0.0157223796033994,0.0073145245559038,0.0245559038662486,0.0069957248348231,0.0124368441507967
AMD,2017-May-01-AMD.txt,2017-05-02,8063,52,109,0.0064492124519409,0.0135185414857993,0.0061971830985915,0.0247887323943661,0.0065203562340966,0.0103371501272264
AMD,2017-Jul-25-AMD.txt,2017-07-26,8241,44,116,0.0053391578691906,0.0140759616551389,0.0039106145251396,0.0206703910614525,0.0057355448767632,0.0122461633855216
AMD,2017-Oct-24-AMD.txt,2017-10-25,8063,42,112,0.0052089792881061,0.0138906114349497,0.0005681818181818,0.0244318181818181,0.0065048389655719,0.0109471680152308
AMD,2017_Q4_amd_processed.txt,2018-01-31,1,0,0,0.0,0.0,0.0,0.0,0.0,0.0
AMD,2018-Apr-25-AMD.txt,2018-04-26,8551,51,120,0.0059642147117296,0.0140334463805402,0.0018552875695732,0.023191094619666,0.0073494917904612,0.0109460516028147
AMD,2018_Q1_amd_processed.txt,2018-04-30,1,0,0,0.0,0.0,0.0,0.0,0.0,0.0
AMD,2018-Jul-25-AMD.txt,2018-07-26,8942,59,116,0.0065980764929545,0.0129724893759785,0.0013351134846461,0.0253671562082777,0.0083644510828976,0.0088125466766243
AMD,2018_Q2_amd_processed.txt,2018-07-31,1,0,0,0.0,0.0,0.0,0.0,0.0,0.0
AMD,2018-Oct-24-AMD.txt,2018-10-25,8419,56,124,0.0066516213326998,0.0147285900938353,0.0021344717182497,0.0266808964781216,0.0079449961802902,0.0113063407181054
AMD,2018_Q3_amd_processed.txt,2018-10-31,1,0,0,0.0,0.0,0.0,0.0,0.0,0.0
AMD,2019-Jan-29-AMD.txt,2019-01-30,9012,71,143,0.007878384376387,0.0158677319130048,0.003125,0.02421875,0.0097644141351518,0.0125542467451952
AMD,2018_Q4_amd_processed.txt,2019-01-31,1,0,0,0.0,0.0,0.0,0.0,0.0,0.0
AMD,2019_Q1_amd_processed.txt,2019-04-30,1,0,0,0.0,0.0,0.0,0.0,0.0,0.0
AMD,2019-Apr-30-AMD.txt,2019-05-01,7304,46,88,0.0062979189485213,0.0120481927710843,0.0011092623405435,0.0244037714919578,0.0079985457189601,0.0079985457189601
AMD,2019_Q2_amd_processed.txt,2019-07-31,1,0,0,0.0,0.0,0.0,0.0,0.0,0.0
AMD,2019-Oct-29-AMD.txt,2019-10-30,8505,58,139,0.006819517930629,0.0163433274544385,0.0005552470849528,0.0255413659078289,0.0085023866348448,0.0138723150357995
AMD,2019_Q3_amd_processed.txt,2019-10-31,1,0,0,0.0,0.0,0.0,0.0,0.0,0.0
AMD,2020-Jan-28-AMD.txt,2020-01-29,8806,52,130,0.0059050647285941,0.0147626618214853,0.00244140625,0.0263671875,0.006954720331459,0.0112459307487422
AMD,2019_Q4_amd_processed.txt,2020-01-31,1,0,0,0.0,0.0,0.0,0.0,0.0,0.0
AMD,2020-Apr-28-AMD.txt,2020-04-29,8971,67,118,0.0074685096421803,0.0131534945936907,0.0053320407174018,0.018904507998061,0.0081065431383902,0.0114360162130862
AMD,2020_Q1_amd_processed.txt,2020-04-30,1,0,0,0.0,0.0,0.0,0.0,0.0,0.0
AMD,2020-Jul-28-AMD.txt,2020-07-29,8730,46,158,0.0052691867124856,0.018098510882016,0.000524934383202,0.0246719160104986,0.0065934065934065,0.0162637362637362
AMD,2020_Q2_amd_processed.txt,2020-07-31,1,0,0,0.0,0.0,0.0,0.0,0.0,0.0
AMD,2020_Q3_amd_processed.txt,2020-11-02,1,0,0,0.0,0.0,0.0,0.0,0.0,0.0
AMD,2020_Q4_amd_processed.txt,2021-02-01,1,0,0,0.0,0.0,0.0,0.0,0.0,0.0
AMD,2021_Q1_amd_processed.txt,2021-04-30,1,0,0,0.0,0.0,0.0,0.0,0.0,0.0
AMD,2021_Q2_amd_processed.txt,2021-08-02,1,0,0,0.0,0.0,0.0,0.0,0.0,0.0
AMD,2021_Q3_amd_processed.txt,2021-11-01,1,0,0,0.0,0.0,0.0,0.0,0.0,0.0
AMD,2021_Q4_amd_processed.txt,2022-01-31,1,0,0,0.0,0.0,0.0,0.0,0.0,0.0
AMD,2022_Q1_amd_processed.txt,2022-05-02,1,0,0,0.0,0.0,0.0,0.0,0.0,0.0
AMD,2022_Q2_amd_processed.txt,2022-08-01,1,0,0,0.0,0.0,0.0,0.0,0.0,0.0
AMD,2022_Q3_amd_processed.txt,2022-10-31,1,0,0,0.0,0.0,0.0,0.0,0.0,0.0
AMD,2022_Q4_amd_processed.txt,2023-01-31,1,0,0,0.0,0.0,0.0,0.0,0.0,0.0
AMD,2023_Q1_amd_processed.txt,2023-05-01,1,0,0,0.0,0.0,0.0,0.0,0.0,0.0
AMD,2023_Q2_amd_processed.txt,2023-07-31,1,0,0,0.0,0.0,0.0,0.0,0.0,0.0
AMD,2023_Q3_amd_processed.txt,2023-10-31,1,0,0,0.0,0.0,0.0,0.0,0.0,0.0
AMD,2023_Q4_amd_processed.txt,2024-01-31,1,0,0,0.0,0.0,0.0,0.0,0.0,0.0
AMD,2024_Q1_amd_processed.txt,2024-04-30,1,0,0,0.0,0.0,0.0,0.0,0.0,0.0
AMD,2024_Q2_amd_processed.txt,2024-07-31,1,0,0,0.0,0.0,0.0,0.0,0.0,0.0
AMZN,2016-Jan-28-AMZN.txt,2016-01-29,7442,97,96,0.013034130610051,0.012899758129535,0.0085324232081911,0.0059726962457337,0.0138755980861244,0.014194577352472
AMZN,2016-Apr-28-AMZN.txt,2016-04-29,7094,83,92,0.011700028192839,0.012968705948689,0.0,0.0303030303030303,0.0117547089647358,0.0128876929613369
AMZN,2016-Jul-28-AMZN.txt,2016-07-29,6497,70,75,0.0107742034785285,0.0115437894412805,0.0,0.0263157894736842,0.0108375909583526,0.0114568818702585
AMZN,2016-Oct-27-AMZN.txt,2016-10-28,5484,61,52,0.0111232676878191,0.0094821298322392,0.0189393939393939,0.0037878787878787,0.010727969348659,0.0097701149425287
AMZN,2017-Feb-02-AMZN.txt,2017-02-03,5746,48,57,0.0083536373129133,0.0099199443090845,0.0160857908847185,0.002680965147453,0.0078168620882188,0.0104224827842918
AMZN,2017-Apr-27-AMZN.txt,2017-04-28,5861,50,71,0.0085309674117044,0.0121139737246203,0.0153452685421994,0.0,0.0080438756855575,0.0129798903107861
AMZN,2017-Jul-27-AMZN.txt,2017-07-28,4502,44,41,0.0097734340293203,0.0091070635273211,0.0216450216450216,0.0,0.0091313509716693,0.0095996253804729
AMZN,2017-Oct-26-AMZN.txt,2017-10-27,5259,39,59,0.0074158585282373,0.0112188629016923,0.0234741784037558,0.0,0.0067380103051922,0.0116924296472453
AMZN,2017_Q4_amzn_processed.txt,2018-01-31,1,0,0,0.0,0.0,0.0,0.0,0.0,0.0
AMZN,2018-Feb-01-AMZN.txt,2018-02-02,5309,38,74,0.0071576568091919,0.0139385948389527,0.0115384615384615,0.0,0.0069320657555951,0.014656367597544
AMZN,2018-Apr-26-AMZN.txt,2018-04-27,5230,45,58,0.008604206500956,0.0110898661567877,0.0210084033613445,0.0,0.0080128205128205,0.0116185897435897
AMZN,2018_Q1_amzn_processed.txt,2018-04-30,1,0,0,0.0,0.0,0.0,0.0,0.0,0.0
AMZN,2018-Jul-26-AMZN.txt,2018-07-27,4894,32,90,0.006538618716796,0.0183898651409889,0.04,0.0,0.0061932287365813,0.018579686209744
AMZN,2018_Q2_amzn_processed.txt,2018-07-31,1,0,0,0.0,0.0,0.0,0.0,0.0,0.0
AMZN,2018-Oct-25-AMZN.txt,2018-10-26,5072,42,47,0.0082807570977917,0.0092665615141955,0.0184331797235023,0.0,0.007826982492276,0.0096807415036045
AMZN,2018_Q3_amzn_processed.txt,2018-10-31,1,0,0,0.0,0.0,0.0,0.0,0.0,0.0
AMZN,2018_Q4_amzn_processed.txt,2019-01-31,1,0,0,0.0,0.0,0.0,0.0,0.0,0.0
AMZN,2019-Jan-31-AMZN.txt,2019-02-01,5184,45,72,0.0086805555555555,0.0138888888888888,0.04,0.0,0.0083755356447214,0.0140241527074405
AMZN,2019-Apr-25-AMZN.txt,2019-04-26,5859,58,62,0.0098993002218808,0.0105820105820105,0.02,0.0,0.0095423219650114,0.0109559992931613
AMZN,2019_Q1_amzn_processed.txt,2019-04-30,1,0,0,0.0,0.0,0.0,0.0,0.0,0.0
AMZN,2019-Jul-25-AMZN.txt,2019-07-26,5667,45,64,0.007940709370037,0.0112934533262749,0.027027027027027,0.0,0.0075593952483801,0.0115190784737221
AMZN,2019_Q2_amzn_processed.txt,2019-07-31,1,0,0,0.0,0.0,0.0,0.0,0.0,0.0
AMZN,2019-Oct-24-AMZN.txt,2019-10-25,4930,42,48,0.0085192697768762,0.00973630831643,0.0221238938053097,0.0,0.0078656462585034,0.010204081632653
AMZN,2019_Q3_amzn_processed.txt,2019-10-31,1,0,0,0.0,0.0,0.0,0.0,0.0,0.0
AMZN,2019_Q4_amzn_processed.txt,2020-01-31,1,0,0,0.0,0.0,0.0,0.0,0.0,0.0
AMZN,2020_Q1_amzn_processed.txt,2020-04-30,1,0,0,0.0,0.0,0.0,0.0,0.0,0.0
AMZN,2020-Apr-30-AMZN.txt,2020-05-01,6200,65,52,0.0104838709677419,0.0083870967741935,0.0143097643097643,0.0042087542087542,0.0095770151636073,0.0093774940143655
AMZN,2020_Q2_amzn_processed.txt,2020-07-31,1,0,0,0.0,0.0,0.0,0.0,0.0,0.0
AMZN,2020_Q3_amzn_processed.txt,2020-11-02,1,0,0,0.0,0.0,0.0,0.0,0.0,0.0
AMZN,2020_Q4_amzn_processed.txt,2021-02-01,1,0,0,0.0,0.0,0.0,0.0,0.0,0.0
AMZN,2021_Q1_amzn_processed.txt,2021-04-30,1,0,0,0.0,0.0,0.0,0.0,0.0,0.0
AMZN,2021_Q2_amzn_processed.txt,2021-08-02,1,0,0,0.0,0.0,0.0,0.0,0.0,0.0
AMZN,2021_Q3_amzn_processed.txt,2021-11-01,1,0,0,0.0,0.0,0.0,0.0,0.0,0.0
AMZN,2021_Q4_amzn_processed.txt,2022-01-31,1,0,0,0.0,0.0,0.0,0.0,0.0,0.0
AMZN,2022_Q1_amzn_processed.txt,2022-05-02,1,0,0,0.0,0.0,0.0,0.0,0.0,0.0
AMZN,2022_Q2_amzn_processed.txt,2022-08-01,1,0,0,0.0,0.0,0.0,0.0,0.0,0.0
AMZN,2022_Q3_amzn_processed.txt,2022-10-31,1,0,0,0.0,0.0,0.0,0.0,0.0,0.0
AMZN,2022_Q4_amzn_processed.txt,2023-01-31,1,0,0,0.0,0.0,0.0,0.0,0.0,0.0
AMZN,2023_Q1_amzn_processed.txt,2023-05-01,1,0,0,0.0,0.0,0.0,0.0,0.0,0.0
AMZN,2023_Q2_amzn_processed.txt,2023-07-31,1,0,0,0.0,0.0,0.0,0.0,0.0,0.0
AMZN,2023_Q3_amzn_processed.txt,2023-10-31,1,0,0,0.0,0.0,0.0,0.0,0.0,0.0
AMZN,2023_Q4_amzn_processed.txt,2024-01-31,1,0,0,0.0,0.0,0.0,0.0,0.0,0.0
AMZN,2024_Q1_amzn_processed.txt,2024-04-30,1,0,0,0.0,0.0,0.0,0.0,0.0,0.0
AMZN,2024_Q2_amzn_processed.txt,2024-07-31,1,0,0,0.0,0.0,0.0,0.0,0.0,0.0
BKNG,2017_Q4_bkng_processed.txt,2018-01-31,1,0,0,0.0,0.0,0.0,0.0,0.0,0.0
BKNG,2018_Q1_bkng_processed.txt,2018-04-30,1,0,0,0.0,0.0,0.0,0.0,0.0,0.0
BKNG,2018_Q2_bkng_processed.txt,2018-07-31,1,0,0,0.0,0.0,0.0,0.0,0.0,0.0
BKNG,2018_Q3_bkng_processed.txt,2018-10-31,1,0,0,0.0,0.0,0.0,0.0,0.0,0.0
BKNG,2018_Q4_bkng_processed.txt,2019-01-31,1,0,0,0.0,0.0,0.0,0.0,0.0,0.0
BKNG,2019_Q1_bkng_processed.txt,2019-04-30,1,0,0,0.0,0.0,0.0,0.0,0.0,0.0
BKNG,2019_Q2_bkng_processed.txt,2019-07-31,1,0,0,0.0,0.0,0.0,0.0,0.0,0.0
BKNG,2019_Q3_bkng_processed.txt,2019-10-31,1,0,0,0.0,0.0,0.0,0.0,0.0,0.0
BKNG,2019_Q4_bkng_processed.txt,2020-01-31,1,0,0,0.0,0.0,0.0,0.0,0.0,0.0
BKNG,2020_Q1_bkng_processed.txt,2020-04-30,1,0,0,0.0,0.0,0.0,0.0,0.0,0.0
BKNG,2020_Q2_bkng_processed.txt,2020-07-31,1,0,0,0.0,0.0,0.0,0.0,0.0,0.0
BKNG,2020_Q3_bkng_processed.txt,2020-11-02,1,0,0,0.0,0.0,0.0,0.0,0.0,0.0
BKNG,2020_Q4_bkng_processed.txt,2021-02-01,1,0,0,0.0,0.0,0.0,0.0,0.0,0.0
BKNG,2021_Q1_bkng_processed.txt,2021-04-30,1,0,0,0.0,0.0,0.0,0.0,0.0,0.0
BKNG,2021_Q2_bkng_processed.txt,2021-08-02,1,0,0,0.0,0.0,0.0,0.0,0.0,0.0
BKNG,2021_Q3_bkng_processed.txt,2021-11-01,1,0,0,0.0,0.0,0.0,0.0,0.0,0.0
BKNG,2021_Q4_bkng_processed.txt,2022-01-31,1,0,0,0.0,0.0,0.0,0.0,0.0,0.0
BKNG,2022_Q1_bkng_processed.txt,2022-05-02,1,0,0,0.0,0.0,0.0,0.0,0.0,0.0
BKNG,2022_Q2_bkng_processed.txt,2022-08-01,1,0,0,0.0,0.0,0.0,0.0,0.0,0.0
BKNG,2022_Q3_bkng_processed.txt,2022-10-31,1,0,0,0.0,0.0,0.0,0.0,0.0,0.0
BKNG,2022_Q4_bkng_processed.txt,2023-01-31,1,0,0,0.0,0.0,0.0,0.0,0.0,0.0
BKNG,2023_Q1_bkng_processed.txt,2023-05-01,1,0,0,0.0,0.0,0.0,0.0,0.0,0.0
BKNG,2023_Q2_bkng_processed.txt,2023-07-31,1,0,0,0.0,0.0,0.0,0.0,0.0,0.0
BKNG,2023_Q3_bkng_processed.txt,2023-10-31,1,0,0,0.0,0.0,0.0,0.0,0.0,0.0
BKNG,2023_Q4_bkng_processed.txt,2024-01-31,1,0,0,0.0,0.0,0.0,0.0,0.0,0.0
BKNG,2024_Q1_bkng_processed.txt,2024-04-30,1,0,0,0.0,0.0,0.0,0.0,0.0,0.0
BKNG,2024_Q2_bkng_processed.txt,2024-07-31,1,0,0,0.0,0.0,0.0,0.0,0.0,0.0
COST,2018_Q2_cost_processed.txt,2018-07-31,1,0,0,0.0,0.0,0.0,0.0,0.0,0.0
COST,2018_Q3_cost_processed.txt,2018-10-31,1,0,0,0.0,0.0,0.0,0.0,0.0,0.0
COST,2018_Q4_cost_processed.txt,2019-01-31,1,0,0,0.0,0.0,0.0,0.0,0.0,0.0
COST,2019_Q1_cost_processed.txt,2019-04-30,1,0,0,0.0,0.0,0.0,0.0,0.0,0.0
COST,2019_Q2_cost_processed.txt,2019-07-31,1,0,0,0.0,0.0,0.0,0.0,0.0,0.0
COST,2019_Q3_cost_processed.txt,2019-10-31,1,0,0,0.0,0.0,0.0,0.0,0.0,0.0
COST,2019_Q4_cost_processed.txt,2020-01-31,1,0,0,0.0,0.0,0.0,0.0,0.0,0.0
COST,2020_Q1_cost_processed.txt,2020-04-30,1,0,0,0.0,0.0,0.0,0.0,0.0,0.0
COST,2020_Q2_cost_processed.txt,2020-07-31,1,0,0,0.0,0.0,0.0,0.0,0.0,0.0
COST,2020_Q3_cost_processed.txt,2020-11-02,1,0,0,0.0,0.0,0.0,0.0,0.0,0.0
COST,2020_Q4_cost_processed.txt,2021-02-01,1,0,0,0.0,0.0,0.0,0.0,0.0,0.0
COST,2021_Q1_cost_processed.txt,2021-04-30,1,0,0,0.0,0.0,0.0,0.0,0.0,0.0
COST,2021_Q2_cost_processed.txt,2021-08-02,1,0,0,0.0,0.0,0.0,0.0,0.0,0.0
COST,2021_Q3_cost_processed.txt,2021-11-01,1,0,0,0.0,0.0,0.0,0.0,0.0,0.0
COST,2021_Q4_cost_processed.txt,2022-01-31,1,0,0,0.0,0.0,0.0,0.0,0.0,0.0
COST,2022_Q1_cost_processed.txt,2022-05-02,1,0,0,0.0,0.0,0.0,0.0,0.0,0.0
COST,2022_Q2_cost_processed.txt,2022-08-01,1,0,0,0.0,0.0,0.0,0.0,0.0,0.0
COST,2022_Q3_cost_processed.txt,2022-10-31,1,0,0,0.0,0.0,0.0,0.0,0.0,0.0
COST,2022_Q4_cost_processed.txt,2023-01-31,1,0,0,0.0,0.0,0.0,0.0,0.0,0.0
COST,2023_Q1_cost_processed.txt,2023-05-01,1,0,0,0.0,0.0,0.0,0.0,0.0,0.0
COST,2023_Q2_cost_processed.txt,2023-07-31,1,0,0,0.0,0.0,0.0,0.0,0.0,0.0
COST,2023_Q3_cost_processed.txt,2023-10-31,1,0,0,0.0,0.0,0.0,0.0,0.0,0.0
COST,2023_Q4_cost_processed.txt,2024-01-31,1,0,0,0.0,0.0,0.0,0.0,0.0,0.0
COST,2024_Q1_cost_processed.txt,2024-04-30,1,0,0,0.0,0.0,0.0,0.0,0.0,0.0
COST,2024_Q2_cost_processed.txt,2024-07-31,1,0,0,0.0,0.0,0.0,0.0,0.0,0.0
COST,2024_Q3_cost_processed.txt,2024-10-31,1,0,0,0.0,0.0,0.0,0.0,0.0,0.0
COST,2024_Q4_cost_processed.txt,2025-01-31,1,0,0,0.0,0.0,0.0,0.0,0.0,0.0
CRM,2018_Q4_crm_processed.txt,2019-01-31,1,0,0,0.0,0.0,0.0,0.0,0.0,0.0
CRM,2019_Q1_crm_processed.txt,2019-04-30,1,0,0,0.0,0.0,0.0,0.0,0.0,0.0
CRM,2019_Q2_crm_processed.txt,2019-07-31,1,0,0,0.0,0.0,0.0,0.0,0.0,0.0
CRM,2019_Q3_crm_processed.txt,2019-10-31,1,0,0,0.0,0.0,0.0,0.0,0.0,0.0
CRM,2019_Q4_crm_processed.txt,2020-01-31,1,0,0,0.0,0.0,0.0,0.0,0.0,0.0
CRM,2020_Q1_crm_processed.txt,2020-04-30,1,0,0,0.0,0.0,0.0,0.0,0.0,0.0
CRM,2020_Q2_crm_processed.txt,2020-07-31,1,0,0,0.0,0.0,0.0,0.0,0.0,0.0
CRM,2020_Q3_crm_processed.txt,2020-11-02,1,0,0,0.0,0.0,0.0,0.0,0.0,0.0
CRM,2020_Q4_crm_processed.txt,2021-02-01,1,0,0,0.0,0.0,0.0,0.0,0.0,0.0
CRM,2021_Q1_crm_processed.txt,2021-04-30,1,0,0,0.0,0.0,0.0,0.0,0.0,0.0
CRM,2021_Q2_crm_processed.txt,2021-08-02,1,0,0,0.0,0.0,0.0,0.0,0.0,0.0
CRM,2021_Q3_crm_processed.txt,2021-11-01,1,0,0,0.0,0.0,0.0,0.0,0.0,0.0
CRM,2021_Q4_crm_processed.txt,2022-01-31,1,0,0,0.0,0.0,0.0,0.0,0.0,0.0
CRM,2022_Q1_crm_processed.txt,2022-05-02,1,0,0,0.0,0.0,0.0,0.0,0.0,0.0
CRM,2022_Q2_crm_processed.txt,2022-08-01,1,0,0,0.0,0.0,0.0,0.0,0.0,0.0
CRM,2022_Q3_crm_processed.txt,2022-10-31,1,0,0,0.0,0.0,0.0,0.0,0.0,0.0
CRM,2022_Q4_crm_processed.txt,2023-01-31,1,0,0,0.0,0.0,0.0,0.0,0.0,0.0
CRM,2023_Q1_crm_processed.txt,2023-05-01,1,0,0,0.0,0.0,0.0,0.0,0.0,0.0
CRM,2023_Q2_crm_processed.txt,2023-07-31,1,0,0,0.0,0.0,0.0,0.0,0.0,0.0
CRM,2023_Q3_crm_processed.txt,2023-10-31,1,0,0,0.0,0.0,0.0,0.0,0.0,0.0
CRM,2023_Q4_crm_processed.txt,2024-01-31,1,0,0,0.0,0.0,0.0,0.0,0.0,0.0
CRM,2024_Q1_crm_processed.txt,2024-04-30,1,0,0,0.0,0.0,0.0,0.0,0.0,0.0
CRM,2024_Q2_crm_processed.txt,2024-07-31,1,0,0,0.0,0.0,0.0,0.0,0.0,0.0
CRM,2024_Q3_crm_processed.txt,2024-10-31,1,0,0,0.0,0.0,0.0,0.0,0.0,0.0
CRM,2024_Q4_crm_processed.txt,2025-01-31,1,0,0,0.0,0.0,0.0,0.0,0.0,0.0
CRM,2025_Q1_crm_processed.txt,2025-04-30,1,0,0,0.0,0.0,0.0,0.0,0.0,0.0
CRM,2025_Q2_crm_processed.txt,2025-07-31,1,0,0,0.0,0.0,0.0,0.0,0.0,0.0
CSCO,2016-Feb-10-CSCO.txt,2016-02-11,7752,72,124,0.0092879256965944,0.0159958720330237,0.013553329404832,0.0223924572775486,0.0080924855491329,0.0142031379025598
CSCO,2016-May-18-CSCO.txt,2016-05-19,7976,90,122,0.0112838515546639,0.0152958876629889,0.0103092783505154,0.0292096219931271,0.0115569823434991,0.0113964686998394
CSCO,2016-Aug-17-CSCO.txt,2016-08-18,7023,101,82,0.0143813185248469,0.0116759219706678,0.0124626121635094,0.0219341974077766,0.0151484951166035,0.0075742475583017
CSCO,2016-Nov-16-CSCO.txt,2016-11-17,7489,91,114,0.0121511550273734,0.015222326078248,0.0096755833807626,0.0278884462151394,0.0129099790648988,0.0113398464759246
CSCO,2017-Feb-15-CSCO.txt,2017-02-16,6994,84,111,0.0120102945381755,0.0158707463540177,0.0110468174644923,0.0284061020515518,0.0123699194973493,0.0111918319261731
CSCO,2017-May-17-CSCO.txt,2017-05-18,7664,82,87,0.0106993736951983,0.0113517745302713,0.0106553010122535,0.028236547682472,0.0107136685674788,0.0058752376015206
CSCO,2017-Aug-16-CSCO.txt,2017-08-17,8743,113,131,0.0129246254146174,0.0149834153036715,0.0108271979211779,0.0281507145950627,0.0136773391358408,0.0102580043518806
CSCO,2017-Nov-15-CSCO.txt,2017-11-16,7178,73,108,0.0101699637782112,0.0150459738088604,0.0085015940488841,0.0239107332624867,0.010762839879154,0.0118957703927492
CSCO,2018-Feb-14-CSCO.txt,2018-02-15,7398,64,125,0.0086509867531765,0.0168964585022979,0.0090198436560432,0.03126879134095,0.0085440278988666,0.0127288578901482
CSCO,2018_Q1_csco_processed.txt,2018-04-30,1,0,0,0.0,0.0,0.0,0.0,0.0,0.0
CSCO,2018-May-16-CSCO.txt,2018-05-17,7387,68,133,0.0092053607689183,0.0180046026803844,0.0069974554707379,0.0298982188295165,0.0098022355975924,0.0147893379191745
CSCO,2018_Q2_csco_processed.txt,2018-07-31,1,0,0,0.0,0.0,0.0,0.0,0.0,0.0
CSCO,2018-Aug-15-CSCO.txt,2018-08-16,7871,68,119,0.0086393088552915,0.0151187904967602,0.0063795853269537,0.024455077086656,0.0093489148580968,0.0121869782971619
CSCO,2018-Nov-14-CSCO.txt,2018-11-15,8927,49,149,0.0054889660580262,0.0166909376050184,0.0034431874077717,0.02803738317757,0.0060922541340295,0.0133449376269219
CSCO,2018_Q4_csco_processed.txt,2019-01-31,1,0,0,0.0,0.0,0.0,0.0,0.0,0.0
CSCO,2019-Feb-13-CSCO.txt,2019-02-14,7740,58,120,0.0074935400516795,0.0155038759689922,0.004697592483852,0.0305343511450381,0.0082822594003644,0.0112638727844956
CSCO,2019_Q1_csco_processed.txt,2019-04-30,1,0,0,0.0,0.0,0.0,0.0,0.0,0.0
CSCO,2019-May-15-CSCO.txt,2019-05-16,8511,57,86,0.0066972153683468,0.0101045705557513,0.0051753881541115,0.0230017251293847,0.0070880094506792,0.0067926757235676
CSCO,2019_Q2_csco_processed.txt,2019-07-31,1,0,0,0.0,0.0,0.0,0.0,0.0,0.0
CSCO,2019-Aug-14-CSCO.txt,2019-08-15,7600,69,104,0.009078947368421,0.0136842105263157,0.0057306590257879,0.0275071633237822,0.0100768573868488,0.0095644748078565
CSCO,2019_Q3_csco_processed.txt,2019-10-31,1,0,0,0.0,0.0,0.0,0.0,0.0,0.0
CSCO,2019-Nov-13-CSCO.txt,2019-11-14,6546,90,108,0.0137488542621448,0.0164986251145737,0.0117252931323283,0.033500837520938,0.0145110410094637,0.0100946372239747
CSCO,2019_Q4_csco_processed.txt,2020-01-31,1,0,0,0.0,0.0,0.0,0.0,0.0,0.0
CSCO,2020-Feb-12-CSCO.txt,2020-02-13,7529,67,96,0.0088989241599149,0.0127506973037588,0.0093632958801498,0.0299625468164794,0.0087734098194702,0.0080985321410494
CSCO,2020_Q1_csco_processed.txt,2020-04-30,1,0,0,0.0,0.0,0.0,0.0,0.0,0.0
CSCO,2020-May-13-CSCO.txt,2020-05-14,8707,92,106,0.0105662110945216,0.0121741127828184,0.0103305785123966,0.0190082644628099,0.0106569110863686,0.0095435024654048
CSCO,2020_Q2_csco_processed.txt,2020-07-31,1,0,0,0.0,0.0,0.0,0.0,0.0,0.0
CSCO,2020-Aug-12-CSCO.txt,2020-08-13,7999,80,114,0.0100012501562695,0.014251781472684,0.0096011816838995,0.0258493353028065,0.0102060102060102,0.0083160083160083
CSCO,2020_Q3_csco_processed.txt,2020-11-02,1,0,0,0.0,0.0,0.0,0.0,0.0,0.0
CSCO,2020_Q4_csco_processed.txt,2021-02-01,1,0,0,0.0,0.0,0.0,0.0,0.0,0.0
CSCO,2021_Q1_csco_processed.txt,2021-04-30,1,0,0,0.0,0.0,0.0,0.0,0.0,0.0
CSCO,2021_Q2_csco_processed.txt,2021-08-02,1,0,0,0.0,0.0,0.0,0.0,0.0,0.0
CSCO,2021_Q3_csco_processed.txt,2021-11-01,1,0,0,0.0,0.0,0.0,0.0,0.0,0.0
CSCO,2021_Q4_csco_processed.txt,2022-01-31,1,0,0,0.0,0.0,0.0,0.0,0.0,0.0
CSCO,2022_Q1_csco_processed.txt,2022-05-02,1,0,0,0.0,0.0,0.0,0.0,0.0,0.0
CSCO,2022_Q2_csco_processed.txt,2022-08-01,1,0,0,0.0,0.0,0.0,0.0,0.0,0.0
CSCO,2022_Q3_csco_processed.txt,2022-10-31,1,0,0,0.0,0.0,0.0,0.0,0.0,0.0
CSCO,2022_Q4_csco_processed.txt,2023-01-31,1,0,0,0.0,0.0,0.0,0.0,0.0,0.0
CSCO,2023_Q1_csco_processed.txt,2023-05-01,1,0,0,0.0,0.0,0.0,0.0,0.0,0.0
CSCO,2023_Q2_csco_processed.txt,2023-07-31,1,0,0,0.0,0.0,0.0,0.0,0.0,0.0
CSCO,2023_Q3_csco_processed.txt,2023-10-31,1,0,0,0.0,0.0,0.0,0.0,0.0,0.0
CSCO,2023_Q4_csco_processed.txt,2024-01-31,1,0,0,0.0,0.0,0.0,0.0,0.0,0.0
CSCO,2024_Q1_csco_processed.txt,2024-04-30,1,0,0,0.0,0.0,0.0,0.0,0.0,0.0
CSCO,2024_Q2_csco_processed.txt,2024-07-31,1,0,0,0.0,0.0,0.0,0.0,0.0,0.0
CSCO,2024_Q3_csco_processed.txt,2024-10-31,1,0,0,0.0,0.0,0.0,0.0,0.0,0.0
CSCO,2024_Q4_csco_processed.txt,2025-01-31,1,0,0,0.0,0.0,0.0,0.0,0.0,0.0
GOOGL,2016-Feb-01-GOOGL.txt,2016-02-02,9231,55,153,0.0059581843787238,0.0165745856353591,0.0020613834173156,0.0190105359596885,0.0094552929085303,0.014388489208633
GOOGL,2016-Apr-21-GOOGL.txt,2016-04-22,9115,73,172,0.0080087767416346,0.0188699945145364,0.0046887210210992,0.0216202135972909,0.0104245640636846,0.016868840030326
GOOGL,2016-Jul-28-GOOGL.txt,2016-07-29,9032,60,164,0.0066430469441984,0.0181576616474756,0.0026640833131508,0.0220392346815209,0.009993881297165,0.0148888435651641
GOOGL,2016-Oct-27-GOOGL.txt,2016-10-28,8722,41,154,0.0047007567071772,0.0176565008025682,0.0026835813613076,0.0192729934130275,0.0064892926670992,0.0162232316677482
GOOGL,2017-Jan-26-GOOGL.txt,2017-01-27,8430,49,147,0.0058125741399762,0.0174377224199288,0.003165391717225,0.0229490899498812,0.0079758568657038,0.0129338219443845
GOOGL,2017-Apr-27-GOOGL.txt,2017-04-28,9376,70,203,0.0074658703071672,0.0216510238907849,0.0030967741935483,0.0250322580645161,0.0105435375386293,0.019269223777495
GOOGL,2017-Jul-24-GOOGL.txt,2017-07-25,8387,55,139,0.0065577679742458,0.016573268153094,0.0029673590504451,0.0195845697329376,0.0089695036874626,0.014550528204106
GOOGL,2017-Oct-26-GOOGL.txt,2017-10-27,8529,62,156,0.0072693164497596,0.0182905381639113,0.0029239766081871,0.0184210526315789,0.010178117048346,0.0182031708749266
GOOGL,2017_Q4_googl_processed.txt,2018-01-31,1,0,0,0.0,0.0,0.0,0.0,0.0,0.0
GOOGL,2018-Feb-01-GOOGL.txt,2018-02-02,9121,54,149,0.0059204034645323,0.0163359280780616,0.0024141630901287,0.0214592274678111,0.0083441498238457,0.0127943630632301
GOOGL,2018-Apr-23-GOOGL.txt,2018-04-24,8945,55,166,0.0061486864169927,0.0185578535494689,0.0027502750275027,0.0225522552255225,0.0084761725372009,0.0158221887361084
GOOGL,2018_Q1_googl_processed.txt,2018-04-30,1,0,0,0.0,0.0,0.0,0.0,0.0,0.0
GOOGL,2018-Jul-23-GOOGL.txt,2018-07-24,9643,64,170,0.006636938712019,0.0176293684538006,0.0033140016570008,0.0171223418945042,0.0086350049817336,0.0179342411159083
GOOGL,2018_Q2_googl_processed.txt,2018-07-31,1,0,0,0.0,0.0,0.0,0.0,0.0,0.0
GOOGL,2018-Oct-25-GOOGL.txt,2018-10-26,9283,56,150,0.0060325325864483,0.0161585694279866,0.0043490866917947,0.0176862858799652,0.0070277682550565,0.0152553993829276
GOOGL,2018_Q3_googl_processed.txt,2018-10-31,1,0,0,0.0,0.0,0.0,0.0,0.0,0.0
GOOGL,2018_Q4_googl_processed.txt,2019-01-31,1,0,0,0.0,0.0,0.0,0.0,0.0,0.0
GOOGL,2019-Feb-04-GOOGL.txt,2019-02-05,9327,61,162,0.006540152246167,0.0173689289160501,0.0050171639820438,0.0198045946659625,0.0075812274368231,0.0157039711191335
GOOGL,2019_Q1_googl_processed.txt,2019-04-30,1,0,0,0.0,0.0,0.0,0.0,0.0,0.0
GOOGL,2019-Jul-25-GOOGL.txt,2019-07-26,8714,59,146,0.0067707137938948,0.0167546476933669,0.0038610038610038,0.0201323772752344,0.0088443396226415,0.0143474842767295
GOOGL,2019_Q2_googl_processed.txt,2019-07-31,1,0,0,0.0,0.0,0.0,0.0,0.0,0.0
GOOGL,2019-Oct-28-GOOGL.txt,2019-10-29,8176,49,132,0.0059931506849315,0.0161448140900195,0.0042643923240938,0.0155345720377703,0.0071530758226037,0.0165542611894543
GOOGL,2019_Q3_googl_processed.txt,2019-10-31,1,0,0,0.0,0.0,0.0,0.0,0.0,0.0
GOOGL,2019_Q4_googl_processed.txt,2020-01-31,1,0,0,0.0,0.0,0.0,0.0,0.0,0.0
GOOGL,2020-Feb-03-GOOGL.txt,2020-02-04,8650,70,153,0.0080924855491329,0.0176878612716763,0.0045467462347257,0.0184711565785734,0.0105242642759695,0.0171506528941726
GOOGL,2020-Apr-28-GOOGL.txt,2020-04-29,9530,112,128,0.0117523609653725,0.0134312696747114,0.0126198889449772,0.0113579000504795,0.0111350574712643,0.0149066091954022
GOOGL,2020_Q1_googl_processed.txt,2020-04-30,1,0,0,0.0,0.0,0.0,0.0,0.0,0.0
GOOGL,2020_Q2_googl_processed.txt,2020-07-31,1,0,0,0.0,0.0,0.0,0.0,0.0,0.0
GOOGL,2020_Q3_googl_processed.txt,2020-11-02,1,0,0,0.0,0.0,0.0,0.0,0.0,0.0
GOOGL,2020_Q4_googl_processed.txt,2021-02-01,1,0,0,0.0,0.0,0.0,0.0,0.0,0.0
GOOGL,2021_Q1_googl_processed.txt,2021-04-30,1,0,0,0.0,0.0,0.0,0.0,0.0,0.0
GOOGL,2021_Q2_googl_processed.txt,2021-08-02,1,0,0,0.0,0.0,0.0,0.0,0.0,0.0
GOOGL,2021_Q3_googl_processed.txt,2021-11-01,1,0,0,0.0,0.0,0.0,0.0,0.0,0.0
GOOGL,2021_Q4_googl_processed.txt,2022-01-31,1,0,0,0.0,0.0,0.0,0.0,0.0,0.0
GOOGL,2022_Q1_googl_processed.txt,2022-05-02,1,0,0,0.0,0.0,0.0,0.0,0.0,0.0
GOOGL,2022_Q2_googl_processed.txt,2022-08-01,1,0,0,0.0,0.0,0.0,0.0,0.0,0.0
GOOGL,2022_Q3_googl_processed.txt,2022-10-31,1,0,0,0.0,0.0,0.0,0.0,0.0,0.0
GOOGL,2022_Q4_googl_processed.txt,2023-01-31,1,0,0,0.0,0.0,0.0,0.0,0.0,0.0
GOOGL,2023_Q1_googl_processed.txt,2023-05-01,1,0,0,0.0,0.0,0.0,0.0,0.0,0.0
GOOGL,2023_Q2_googl_processed.txt,2023-07-31,1,0,0,0.0,0.0,0.0,0.0,0.0,0.0
GOOGL,2023_Q3_googl_processed.txt,2023-10-31,1,0,0,0.0,0.0,0.0,0.0,0.0,0.0
GOOGL,2023_Q4_googl_processed.txt,2024-01-31,1,0,0,0.0,0.0,0.0,0.0,0.0,0.0
GOOGL,2024_Q1_googl_processed.txt,2024-04-30,1,0,0,0.0,0.0,0.0,0.0,0.0,0.0
GOOGL,2024_Q2_googl_processed.txt,2024-07-31,1,0,0,0.0,0.0,0.0,0.0,0.0,0.0
IBM,2017_Q4_ibm_processed.txt,2018-01-31,1,0,0,0.0,0.0,0.0,0.0,0.0,0.0
IBM,2018_Q1_ibm_processed.txt,2018-04-30,1,0,0,0.0,0.0,0.0,0.0,0.0,0.0
IBM,2018_Q2_ibm_processed.txt,2018-07-31,1,0,0,0.0,0.0,0.0,0.0,0.0,0.0
IBM,2018_Q3_ibm_processed.txt,2018-10-31,1,0,0,0.0,0.0,0.0,0.0,0.0,0.0
IBM,2018_Q4_ibm_processed.txt,2019-01-31,1,0,0,0.0,0.0,0.0,0.0,0.0,0.0
IBM,2019_Q1_ibm_processed.txt,2019-04-30,1,0,0,0.0,0.0,0.0,0.0,0.0,0.0
IBM,2019_Q2_ibm_processed.txt,2019-07-31,1,0,0,0.0,0.0,0.0,0.0,0.0,0.0
IBM,2019_Q3_ibm_processed.txt,2019-10-31,1,0,0,0.0,0.0,0.0,0.0,0.0,0.0
IBM,2019_Q4_ibm_processed.txt,2020-01-31,1,0,0,0.0,0.0,0.0,0.0,0.0,0.0
IBM,2020_Q1_ibm_processed.txt,2020-04-30,1,0,0,0.0,0.0,0.0,0.0,0.0,0.0
IBM,2020_Q2_ibm_processed.txt,2020-07-31,1,0,0,0.0,0.0,0.0,0.0,0.0,0.0
IBM,2020_Q3_ibm_processed.txt,2020-11-02,1,0,0,0.0,0.0,0.0,0.0,0.0,0.0
IBM,2020_Q4_ibm_processed.txt,2021-02-01,1,0,0,0.0,0.0,0.0,0.0,0.0,0.0
IBM,2021_Q1_ibm_processed.txt,2021-04-30,1,0,0,0.0,0.0,0.0,0.0,0.0,0.0
IBM,2021_Q2_ibm_processed.txt,2021-08-02,1,0,0,0.0,0.0,0.0,0.0,0.0,0.0
IBM,2021_Q3_ibm_processed.txt,2021-11-01,1,0,0,0.0,0.0,0.0,0.0,0.0,0.0
IBM,2021_Q4_ibm_processed.txt,2022-01-31,1,0,0,0.0,0.0,0.0,0.0,0.0,0.0
IBM,2022_Q1_ibm_processed.txt,2022-05-02,1,0,0,0.0,0.0,0.0,0.0,0.0,0.0
IBM,2022_Q2_ibm_processed.txt,2022-08-01,1,0,0,0.0,0.0,0.0,0.0,0.0,0.0
IBM,2022_Q3_ibm_processed.txt,2022-10-31,1,0,0,0.0,0.0,0.0,0.0,0.0,0.0
IBM,2022_Q4_ibm_processed.txt,2023-01-31,1,0,0,0.0,0.0,0.0,0.0,0.0,0.0
IBM,2023_Q1_ibm_processed.txt,2023-05-01,1,0,0,0.0,0.0,0.0,0.0,0.0,0.0
IBM,2023_Q2_ibm_processed.txt,2023-07-31,1,0,0,0.0,0.0,0.0,0.0,0.0,0.0
IBM,2023_Q3_ibm_processed.txt,2023-10-31,8290,55,155,0.0066344993968636,0.0186972255729794,0.0066344993968636,0.0186972255729794,0.0,0.0
IBM,2023_Q4_ibm_processed.txt,2024-01-31,1,0,0,0.0,0.0,0.0,0.0,0.0,0.0
IBM,2024_Q1_ibm_processed.txt,2024-04-30,1,0,0,0.0,0.0,0.0,0.0,0.0,0.0
IBM,2024_Q2_ibm_processed.txt,2024-07-31,1,0,0,0.0,0.0,0.0,0.0,0.0,0.0
INTC,2016-Jan-14-INTC.txt,2016-01-15,8042,77,82,0.0095747326535687,0.0101964685401641,0.0053699284009546,0.0167064439140811,0.0106817467797675,0.0084825636192271
INTC,2016-Apr-19-INTC.txt,2016-04-20,9763,87,127,0.0089111953293045,0.0130082966301341,0.0120967741935483,0.0181451612903225,0.0080987273428461,0.0116981617174444
INTC,2016-Jul-20-INTC.txt,2016-07-21,8876,65,111,0.0073231185218566,0.0125056331680937,0.0068385060494476,0.0163072067332982,0.0074551971326164,0.0114695340501792
INTC,2016-Oct-18-INTC.txt,2016-10-19,10046,108,122,0.0107505474815847,0.0121441369699382,0.0067210753720595,0.0240038406144983,0.0118045962576918,0.0090418184101469
INTC,2017-Jan-26-INTC.txt,2017-01-27,9428,65,146,0.0068943572337717,0.0154857870173949,0.0051724137931034,0.0254310344827586,0.0074563871693866,0.0122397298818232
INTC,2017-Apr-27-INTC.txt,2017-04-28,7673,52,115,0.0067770102958425,0.0149876189234979,0.0039130434782608,0.0221739130434782,0.008002977852224,0.0119114088963335
INTC,2017-Jul-27-INTC.txt,2017-07-28,8285,52,129,0.0062764031382015,0.0155703077851538,0.0034071550255536,0.0286201022146507,0.0078504672897196,0.008411214953271
INTC,2017-Oct-26-INTC.txt,2017-10-27,8822,47,146,0.00532759011562,0.0165495352527771,0.003525641025641,0.0269230769230769,0.0063135741844966,0.0108733777621887
INTC,2018-Jan-25-INTC.txt,2018-01-26,8498,66,132,0.0077665333019534,0.0155330666039068,0.0067605633802816,0.0245070422535211,0.0084882780921584,0.0090945836701697
INTC,2018-Apr-26-INTC.txt,2018-04-27,8318,71,134,0.0085357056984852,0.016109641740803,0.0058229813664596,0.0279503105590062,0.0097526994078718,0.0107976314872866
INTC,2018-Jul-26-INTC.txt,2018-07-27,7571,63,166,0.0083212257297582,0.0219257693831726,0.0050761421319796,0.0279187817258883,0.0101807604404737,0.01849158528984
INTC,2018-Oct-25-INTC.txt,2018-10-26,6999,44,139,0.0062866123731961,0.0198599799971424,0.0041436464088397,0.0276243093922651,0.0077991713380453,0.014379722154521
INTC,2019-Jan-24-INTC.txt,2019-01-25,8148,69,126,0.0084683357879234,0.0154639175257731,0.0068986202759448,0.0215956808638272,0.0095554632322393,0.0112172829248026
INTC,2019-Apr-25-INTC.txt,2019-04-26,7443,89,124,0.0119575440010748,0.0166599489453177,0.0122214234363767,0.0222861250898634,0.0118000429092469,0.013301866552242
INTC,2019-Jul-25-INTC.txt,2019-07-26,7951,69,152,0.0086781536913595,0.0191170921896616,0.0079954311821816,0.0288406624785836,0.0092155540570914,0.0114632501685772
INTC,2019-Oct-24-INTC.txt,2019-10-25,7582,57,140,0.0075178053284093,0.0184647850171458,0.0045385779122541,0.0283661119515885,0.0091130012150668,0.0131632239773187
INTC,2020-Jan-23-INTC.txt,2020-01-24,8184,51,148,0.0062316715542521,0.0180840664711632,0.0032247662044501,0.0290228958400515,0.0080661026952587,0.0114105843006098
INTC,2020-Apr-23-INTC.txt,2020-04-24,8392,80,153,0.0095328884652049,0.0182316491897044,0.0113174695298897,0.0200232153221125,0.0082895268904164,0.0169834209462191
INTC,2020-Jul-23-INTC.txt,2020-07-24,8086,76,142,0.0093989611674499,0.0175612169181301,0.0086063298167684,0.0219322598556357,0.0100356824264049,0.0140499553969669
LULU,2017_Q4_lulu_processed.txt,2018-01-31,1,0,0,0.0,0.0,0.0,0.0,0.0,0.0
LULU,2018_Q1_lulu_processed.txt,2018-04-30,1,0,0,0.0,0.0,0.0,0.0,0.0,0.0
LULU,2018_Q2_lulu_processed.txt,2018-07-31,1,0,0,0.0,0.0,0.0,0.0,0.0,0.0
LULU,2018_Q3_lulu_processed.txt,2018-10-31,1,0,0,0.0,0.0,0.0,0.0,0.0,0.0
LULU,2018_Q4_lulu_processed.txt,2019-01-31,1,0,0,0.0,0.0,0.0,0.0,0.0,0.0
LULU,2019_Q1_lulu_processed.txt,2019-04-30,1,0,0,0.0,0.0,0.0,0.0,0.0,0.0
LULU,2019_Q2_lulu_processed.txt,2019-07-31,1,0,0,0.0,0.0,0.0,0.0,0.0,0.0
LULU,2019_Q3_lulu_processed.txt,2019-10-31,1,0,0,0.0,0.0,0.0,0.0,0.0,0.0
LULU,2019_Q4_lulu_processed.txt,2020-01-31,1,0,0,0.0,0.0,0.0,0.0,0.0,0.0
LULU,2020_Q1_lulu_processed.txt,2020-04-30,1,0,0,0.0,0.0,0.0,0.0,0.0,0.0
LULU,2020_Q2_lulu_processed.txt,2020-07-31,1,0,0,0.0,0.0,0.0,0.0,0.0,0.0
LULU,2020_Q3_lulu_processed.txt,2020-11-02,1,0,0,0.0,0.0,0.0,0.0,0.0,0.0
LULU,2020_Q4_lulu_processed.txt,2021-02-01,1,0,0,0.0,0.0,0.0,0.0,0.0,0.0
LULU,2021_Q1_lulu_processed.txt,2021-04-30,1,0,0,0.0,0.0,0.0,0.0,0.0,0.0
LULU,2021_Q2_lulu_processed.txt,2021-08-02,1,0,0,0.0,0.0,0.0,0.0,0.0,0.0
LULU,2021_Q3_lulu_processed.txt,2021-11-01,1,0,0,0.0,0.0,0.0,0.0,0.0,0.0
LULU,2021_Q4_lulu_processed.txt,2022-01-31,1,0,0,0.0,0.0,0.0,0.0,0.0,0.0
LULU,2022_Q1_lulu_processed.txt,2022-05-02,1,0,0,0.0,0.0,0.0,0.0,0.0,0.0
LULU,2022_Q2_lulu_processed.txt,2022-08-01,1,0,0,0.0,0.0,0.0,0.0,0.0,0.0
LULU,2022_Q3_lulu_processed.txt,2022-10-31,1,0,0,0.0,0.0,0.0,0.0,0.0,0.0
LULU,2022_Q4_lulu_processed.txt,2023-01-31,1,0,0,0.0,0.0,0.0,0.0,0.0,0.0
LULU,2023_Q1_lulu_processed.txt,2023-05-01,1,0,0,0.0,0.0,0.0,0.0,0.0,0.0
LULU,2024_Q1_lulu_processed.txt,2024-04-30,1,0,0,0.0,0.0,0.0,0.0,0.0,0.0
LULU,2024_Q2_lulu_processed.txt,2024-07-31,1,0,0,0.0,0.0,0.0,0.0,0.0,0.0
LULU,2024_Q3_lulu_processed.txt,2024-10-31,1,0,0,0.0,0.0,0.0,0.0,0.0,0.0
LULU,2025_Q1_lulu_processed.txt,2025-04-30,1,0,0,0.0,0.0,0.0,0.0,0.0,0.0
LULU,2025_Q2_lulu_processed.txt,2025-07-31,1,0,0,0.0,0.0,0.0,0.0,0.0,0.0
META,2017_Q4_meta_processed.txt,2018-01-31,1,0,0,0.0,0.0,0.0,0.0,0.0,0.0
META,2018_Q1_meta_processed.txt,2018-04-30,1,0,0,0.0,0.0,0.0,0.0,0.0,0.0
META,2018_Q2_meta_processed.txt,2018-07-31,1,0,0,0.0,0.0,0.0,0.0,0.0,0.0
META,2018_Q3_meta_processed.txt,2018-10-31,1,0,0,0.0,0.0,0.0,0.0,0.0,0.0
META,2018_Q4_meta_processed.txt,2019-01-31,1,0,0,0.0,0.0,0.0,0.0,0.0,0.0
META,2019_Q1_meta_processed.txt,2019-04-30,1,0,0,0.0,0.0,0.0,0.0,0.0,0.0
META,2019_Q2_meta_processed.txt,2019-07-31,1,0,0,0.0,0.0,0.0,0.0,0.0,0.0
META,2019_Q3_meta_processed.txt,2019-10-31,1,0,0,0.0,0.0,0.0,0.0,0.0,0.0
META,2019_Q4_meta_processed.txt,2020-01-31,1,0,0,0.0,0.0,0.0,0.0,0.0,0.0
META,2020_Q1_meta_processed.txt,2020-04-30,1,0,0,0.0,0.0,0.0,0.0,0.0,0.0
META,2020_Q2_meta_processed.txt,2020-07-31,1,0,0,0.0,0.0,0.0,0.0,0.0,0.0
META,2020_Q3_meta_processed.txt,2020-11-02,1,0,0,0.0,0.0,0.0,0.0,0.0,0.0
META,2020_Q4_meta_processed.txt,2021-02-01,1,0,0,0.0,0.0,0.0,0.0,0.0,0.0
META,2021_Q1_meta_processed.txt,2021-04-30,1,0,0,0.0,0.0,0.0,0.0,0.0,0.0
META,2021_Q2_meta_processed.txt,2021-08-02,1,0,0,0.0,0.0,0.0,0.0,0.0,0.0
META,2021_Q3_meta_processed.txt,2021-11-01,1,0,0,0.0,0.0,0.0,0.0,0.0,0.0
META,2021_Q4_meta_processed.txt,2022-01-31,1,0,0,0.0,0.0,0.0,0.0,0.0,0.0
META,2022_Q1_meta_processed.txt,2022-05-02,1,0,0,0.0,0.0,0.0,0.0,0.0,0.0
META,2022_Q2_meta_processed.txt,2022-08-01,1,0,0,0.0,0.0,0.0,0.0,0.0,0.0
META,2022_Q3_meta_processed.txt,2022-10-31,1,0,0,0.0,0.0,0.0,0.0,0.0,0.0
META,2022_Q4_meta_processed.txt,2023-01-31,1,0,0,0.0,0.0,0.0,0.0,0.0,0.0
META,2023_Q1_meta_processed.txt,2023-05-01,1,0,0,0.0,0.0,0.0,0.0,0.0,0.0
META,2023_Q2_meta_processed.txt,2023-07-31,1,0,0,0.0,0.0,0.0,0.0,0.0,0.0
META,2023_Q3_meta_processed.txt,2023-10-31,1,0,0,0.0,0.0,0.0,0.0,0.0,0.0
META,2023_Q4_meta_processed.txt,2024-01-31,1,0,0,0.0,0.0,0.0,0.0,0.0,0.0
META,2024_Q1_meta_processed.txt,2024-04-30,1,0,0,0.0,0.0,0.0,0.0,0.0,0.0
META,2024_Q2_meta_processed.txt,2024-07-31,1,0,0,0.0,0.0,0.0,0.0,0.0,0.0
MSFT,2007_Q1_msft_processed.txt,2007-04-30,1,0,0,0.0,0.0,0.0,0.0,0.0,0.0
MSFT,2016-Jan-28-MSFT.txt,2016-01-29,8949,76,154,0.0084925690021231,0.0172086266621968,0.0078145350351654,0.0216202135972909,0.0090019569471624,0.0138943248532289
MSFT,2016-Apr-21-MSFT.txt,2016-04-22,9201,90,111,0.0097815454841865,0.0120639060971633,0.0092351408950982,0.0146815060383613,0.0102450783447167,0.0098433105664925
MSFT,2016-Jul-19-MSFT.txt,2016-07-20,9128,103,135,0.0112839614373356,0.0147896581945661,0.0091110563900517,0.0179758680128047,0.0130254588513913,0.0122360371028221
MSFT,2016-Oct-20-MSFT.txt,2016-10-21,8641,70,135,0.0081009142460363,0.0156231917602129,0.0089775561097256,0.0206982543640897,0.0073418268192614,0.0112286763118117
MSFT,2017-Jan-26-MSFT.txt,2017-01-27,9259,66,144,0.0071281995895885,0.0155524354681931,0.0067281335659107,0.0196860204335908,0.0074342356080823,0.0123903926801372
MSFT,2017-Apr-27-MSFT.txt,2017-04-28,9644,73,135,0.007569473247615,0.0139983409373703,0.0068551842330762,0.0208511853756069,0.0079765586846817,0.0100927885398014
MSFT,2017-Jul-20-MSFT.txt,2017-07-21,8718,61,149,0.0069970176646019,0.0170910759348474,0.0077086656034024,0.0191387559808612,0.006456820016142,0.0155367231638418
MSFT,2017-Oct-26-MSFT.txt,2017-10-27,9402,48,161,0.0051052967453733,0.017124016166773,0.0039893617021276,0.019281914893617,0.0061349693251533,0.0151329243353783
MSFT,2018-Jan-31-MSFT.txt,2018-02-01,8923,59,152,0.0066121259666031,0.0170346296088759,0.0053489556800815,0.020886398369842,0.0076045627376425,0.0140084050430258
MSFT,2018-Apr-26-MSFT.txt,2018-04-27,9753,52,160,0.0053316928124679,0.0164052086537475,0.0040537116797567,0.0245756270585254,0.0062004822597313,0.0108508439545297
MSFT,2018-Jul-19-MSFT.txt,2018-07-20,7770,57,159,0.0073359073359073,0.0204633204633204,0.0039965743648301,0.0259777333713959,0.0100773377079915,0.0159362549800796
MSFT,2018_Q2_msft_processed.txt,2018-07-31,1,0,0,0.0,0.0,0.0,0.0,0.0,0.0
MSFT,2018-Oct-24-MSFT.txt,2018-10-25,8082,57,176,0.0070527097253155,0.0217767879237812,0.0043522785458269,0.0227854582693292,0.0095785440613026,0.0208333333333333
MSFT,2018_Q3_msft_processed.txt,2018-10-31,1,0,0,0.0,0.0,0.0,0.0,0.0,0.0
MSFT,2018_Q4_msft_processed.txt,2019-01-31,1,0,0,0.0,0.0,0.0,0.0,0.0,0.0
MSFT,2019-Apr-24-MSFT.txt,2019-04-25,8675,64,157,0.0073775216138328,0.0180979827089337,0.0054392167527875,0.0261082404133804,0.0088035214085634,0.0122048819527811
MSFT,2019_Q1_msft_processed.txt,2019-04-30,1,0,0,0.0,0.0,0.0,0.0,0.0,0.0
MSFT,2019-Jul-18-MSFT.txt,2019-07-19,8251,40,139,0.0048478972245788,0.0168464428554114,0.0032483758120939,0.02023988005997,0.0063544363379618,0.013650270651918
MSFT,2019_Q2_msft_processed.txt,2019-07-31,1,0,0,0.0,0.0,0.0,0.0,0.0,0.0
MSFT,2019-Oct-23-MSFT.txt,2019-10-24,7705,51,143,0.0066190785204412,0.0185593770279039,0.0049902966454117,0.0210701413917382,0.0080527086383601,0.01634943875061
MSFT,2019_Q3_msft_processed.txt,2019-10-31,1,0,0,0.0,0.0,0.0,0.0,0.0,0.0
MSFT,2020-Jan-29-MSFT.txt,2020-01-30,7885,45,138,0.0057070386810399,0.0175015852885225,0.0044098573281452,0.0223086900129701,0.0069478908188585,0.0129032258064516
MSFT,2019_Q4_msft_processed.txt,2020-01-31,1,0,0,0.0,0.0,0.0,0.0,0.0,0.0
MSFT,2020_Q1_msft_processed.txt,2020-04-30,1,0,0,0.0,0.0,0.0,0.0,0.0,0.0
MSFT,2020-Jul-22-MSFT.txt,2020-07-23,8452,65,122,0.0076904874585896,0.0144344533838144,0.0068692756036636,0.0179017485428809,0.0087719298245614,0.0098684210526315
MSFT,2020_Q2_msft_processed.txt,2020-07-31,1,0,0,0.0,0.0,0.0,0.0,0.0,0.0
MSFT,2020_Q3_msft_processed.txt,2020-11-02,1,0,0,0.0,0.0,0.0,0.0,0.0,0.0
MSFT,2020_Q4_msft_processed.txt,2021-02-01,1,0,0,0.0,0.0,0.0,0.0,0.0,0.0
MSFT,2021_Q1_msft_processed.txt,2021-04-30,1,0,0,0.0,0.0,0.0,0.0,0.0,0.0
MSFT,2021_Q2_msft_processed.txt,2021-08-02,1,0,0,0.0,0.0,0.0,0.0,0.0,0.0
MSFT,2021_Q3_msft_processed.txt,2021-11-01,1,0,0,0.0,0.0,0.0,0.0,0.0,0.0
MSFT,2021_Q4_msft_processed.txt,2022-01-31,1,0,0,0.0,0.0,0.0,0.0,0.0,0.0
MSFT,2022_Q1_msft_processed.txt,2022-05-02,1,0,0,0.0,0.0,0.0,0.0,0.0,0.0
MSFT,2022_Q2_msft_processed.txt,2022-08-01,1,0,0,0.0,0.0,0.0,0.0,0.0,0.0
MSFT,2022_Q3_msft_processed.txt,2022-10-31,1,0,0,0.0,0.0,0.0,0.0,0.0,0.0
MSFT,2022_Q4_msft_processed.txt,2023-01-31,1,0,0,0.0,0.0,0.0,0.0,0.0,0.0
MSFT,2023_Q1_msft_processed.txt,2023-05-01,1,0,0,0.0,0.0,0.0,0.0,0.0,0.0
MSFT,2023_Q2_msft_processed.txt,2023-07-31,1,0,0,0.0,0.0,0.0,0.0,0.0,0.0
MSFT,2023_Q3_msft_processed.txt,2023-10-31,1,0,0,0.0,0.0,0.0,0.0,0.0,0.0
MSFT,2023_Q4_msft_processed.txt,2024-01-31,1,0,0,0.0,0.0,0.0,0.0,0.0,0.0
MSFT,2024_Q1_msft_processed.txt,2024-04-30,1,0,0,0.0,0.0,0.0,0.0,0.0,0.0
MSFT,2024_Q2_msft_processed.txt,2024-07-31,1,0,0,0.0,0.0,0.0,0.0,0.0,0.0
MSFT,2024_Q3_msft_processed.txt,2024-10-31,1,0,0,0.0,0.0,0.0,0.0,0.0,0.0
MSFT,2024_Q4_msft_processed.txt,2025-01-31,1,0,0,0.0,0.0,0.0,0.0,0.0,0.0
MU,2016-Mar-30-MU.txt,2016-03-31,8846,93,105,0.0105132263169794,0.0118697716482025,0.0060422960725075,0.0224428139835994,0.0120998621534691,0.0081176290396691
MU,2016-Jun-30-MU.txt,2016-07-01,8529,72,122,0.0084417868448821,0.0143041388204947,0.0046335299073294,0.0261162594776748,0.0099106417546709,0.0097481722177091
MU,2016-Oct-04-MU.txt,2016-10-05,8689,88,101,0.0101277477270111,0.0116238922775923,0.0065059318790662,0.0199004975124378,0.0116853192890059,0.0080645161290322
MU,2016-Dec-21-MU.txt,2016-12-22,9062,91,140,0.0100419333480467,0.0154491282277642,0.0,0.0181818181818181,0.0101032530254246,0.0154324414344398
MU,2017-Mar-23-MU.txt,2017-03-24,8042,63,121,0.0078338721711017,0.015046008455608,0.0032085561497326,0.0262032085561497,0.0092352559948152,0.0116655865197666
MU,2017-Jun-29-MU.txt,2017-06-30,8541,50,126,0.0058541154431565,0.0147523709167544,0.002020202020202,0.0311111111111111,0.0074183976261127,0.0080778107484338
MU,2017-Sep-26-MU.txt,2017-09-27,8132,60,136,0.0073782587309394,0.0167240531234628,0.0037517053206002,0.0296725784447476,0.0094230769230769,0.0094230769230769
MU,2017-Dec-19-MU.txt,2017-12-20,8354,51,128,0.0061048599473306,0.0153220014364376,0.001993620414673,0.0279106858054226,0.0078686281217926,0.009921313718782
MU,2018-Mar-22-MU.txt,2018-03-23,7380,53,125,0.0071815718157181,0.0169376693766937,0.0036913990402362,0.0243632336655592,0.0092057375294369,0.0126311282380646
MU,2018-Sep-20-MU.txt,2018-09-21,8810,61,145,0.0069239500567536,0.0164585698070374,0.0055865921787709,0.0223463687150838,0.0077648363838047,0.0127565169162506
MU,2018-Dec-18-MU.txt,2018-12-19,8277,79,148,0.0095445209617011,0.0178808747130602,0.0118232731798382,0.0267579340385812,0.0080979656330239,0.0122457041279873
MU,2019-Mar-20-MU.txt,2019-03-21,8419,91,119,0.0108088846656372,0.0141346953319871,0.0118176702307259,0.020258863252673,0.0100719424460431,0.0096608427543679
MU,2019-Jun-25-MU.txt,2019-06-26,8844,101,144,0.011420171867933,0.0162822252374491,0.0113568439928272,0.0274955170352659,0.0114587122590032,0.0094579847217169
MU,2019-Sep-26-MU.txt,2019-09-27,8602,95,133,0.0110439432690072,0.01546152057661,0.0093966369930761,0.0237388724035608,0.0125054848617814,0.0081175954365949
MU,2019-Dec-18-MU.txt,2019-12-19,8854,76,155,0.0085836909871244,0.0175062118816354,0.0081118881118881,0.0234965034965034,0.0089032013638946,0.0134495169539685
MU,2020-Mar-25-MU.txt,2020-03-26,8958,97,128,0.0108283098906005,0.0142889037731636,0.0122653316645807,0.0215269086357947,0.0096715696151521,0.0084626234132581
MU,2020-Jun-29-MU.txt,2020-06-30,9065,81,156,0.0089354660783232,0.0172090457804743,0.0073464590067587,0.02527181898325,0.0098904980572235,0.0123631225715294
NVDA,2007_Q1_nvda_processed.txt,2007-04-30,10103,26,70,0.0025734930218746,0.0069286350588933,0.0025734930218746,0.0069286350588933,0.0,0.0
NVDA,2016-Feb-17-NVDA.txt,2016-02-18,10883,109,201,0.0100156206928236,0.0184691721032803,0.0063492063492063,0.0171428571428571,0.01063601203266,0.0186935969058874
NVDA,2016-May-12-NVDA.txt,2016-05-13,8782,65,102,0.0074015030744705,0.0116146663630152,0.003012048192771,0.0203313253012048,0.0081835256238261,0.0100617118325731
NVDA,2016-Aug-11-NVDA.txt,2016-08-12,11443,108,159,0.0094380844184217,0.0138949576160097,0.0,0.0227272727272727,0.0094745153083603,0.0138608649881568
NVDA,2016-Nov-10-NVDA.txt,2016-11-11,8513,59,123,0.0069305767649477,0.014448490543874,0.0007656967840735,0.0222052067381317,0.0080477313722769,0.0130428749826557
NVDA,2017-Feb-09-NVDA.txt,2017-02-10,8405,58,105,0.0069006543723973,0.0124925639500297,0.0028756290438533,0.0158159597411933,0.0076988879384088,0.0118334759053321
NVDA,2017-May-09-NVDA.txt,2017-05-10,8447,60,95,0.0071031135314312,0.0112465964247661,0.0021231422505307,0.0113234253361641,0.0081034972988342,0.0112311629229456
NVDA,2017-Aug-10-NVDA.txt,2017-08-11,8925,58,115,0.0064985994397759,0.0128851540616246,0.0022091310751104,0.0154639175257731,0.0072684022730276,0.0124223602484472
NVDA,2017-Nov-09-NVDA.txt,2017-11-10,8386,59,127,0.0070355354161698,0.0151442880992129,0.0026212319790301,0.0203145478374836,0.0080174927113702,0.0139941690962099
NVDA,2018-Feb-08-NVDA.txt,2018-02-09,8406,55,100,0.0065429455151082,0.0118962645729241,0.0030226700251889,0.0151133501259445,0.0076312100918859,0.0109017287026942
NVDA,2018-May-10-NVDA.txt,2018-05-11,9133,77,118,0.0084309646337457,0.0129201795685973,0.0027412280701754,0.0169956140350877,0.0098508687919003,0.0119031331235463
NVDA,2018-Aug-16-NVDA.txt,2018-08-17,8183,60,111,0.007332274227056,0.0135647073200537,0.0019370460048426,0.0164648910411622,0.0091533180778032,0.0125858123569794
NVDA,2018_Q3_nvda_processed.txt,2018-10-31,1,0,0,0.0,0.0,0.0,0.0,0.0,0.0
NVDA,2018-Nov-15-NVDA.txt,2018-11-16,8528,73,92,0.0085600375234521,0.0107879924953095,0.0031168831168831,0.0114285714285714,0.0101469029229138,0.0106012418597607
NVDA,2018_Q4_nvda_processed.txt,2019-01-31,1,0,0,0.0,0.0,0.0,0.0,0.0,0.0
NVDA,2019-Feb-14-NVDA.txt,2019-02-15,9082,87,127,0.009579387800044,0.0139837040299493,0.0100158144438587,0.0115972588297311,0.0094641614474599,0.0146137787056367
NVDA,2019_Q1_nvda_processed.txt,2019-04-30,1,0,0,0.0,0.0,0.0,0.0,0.0,0.0
NVDA,2019-May-16-NVDA.txt,2019-05-17,8829,61,114,0.0069090497225053,0.0129119945633707,0.0065593321407274,0.0220632081097197,0.0069910514541387,0.0107662192393736
NVDA,2019_Q2_nvda_processed.txt,2019-07-31,1,0,0,0.0,0.0,0.0,0.0,0.0,0.0
NVDA,2019-Aug-15-NVDA.txt,2019-08-16,8177,52,119,0.0063593004769475,0.0145530145530145,0.0035714285714285,0.0238095238095238,0.0070801908573187,0.0121594582114822
NVDA,2019-Nov-14-NVDA.txt,2019-11-15,8123,59,109,0.0072633263572571,0.0134186876769666,0.0037383177570093,0.0186915887850467,0.0081313286284136,0.0121202822951825
NVDA,2019_Q4_nvda_processed.txt,2020-01-31,1,0,0,0.0,0.0,0.0,0.0,0.0,0.0
NVDA,2020-Feb-13-NVDA.txt,2020-02-14,8348,61,151,0.0073071394345951,0.0180881648298993,0.0025759917568263,0.0273055126223596,0.0087404401435929,0.0152957702512876
NVDA,2020_Q1_nvda_processed.txt,2020-04-30,1,0,0,0.0,0.0,0.0,0.0,0.0,0.0
NVDA,2020-May-21-NVDA.txt,2020-05-22,12759,82,169,0.0064268359589309,0.0132455521592601,0.0050184008029441,0.0184008029441284,0.0068577277379733,0.011668372569089
NVDA,2020_Q2_nvda_processed.txt,2020-07-31,1,0,0,0.0,0.0,0.0,0.0,0.0,0.0
NVDA,2020-Aug-19-NVDA.txt,2020-08-20,8059,57,120,0.0070728378210696,0.0148901848864623,0.0045289855072463,0.019927536231884,0.0080328149034353,0.0129892326098102
NVDA,2020_Q3_nvda_processed.txt,2020-11-02,1,0,0,0.0,0.0,0.0,0.0,0.0,0.0
NVDA,2020_Q4_nvda_processed.txt,2021-02-01,1,0,0,0.0,0.0,0.0,0.0,0.0,0.0
NVDA,2021_Q1_nvda_processed.txt,2021-04-30,1,0,0,0.0,0.0,0.0,0.0,0.0,0.0
NVDA,2021_Q2_nvda_processed.txt,2021-08-02,1,0,0,0.0,0.0,0.0,0.0,0.0,0.0
NVDA,2021_Q3_nvda_processed.txt,2021-11-01,1,0,0,0.0,0.0,0.0,0.0,0.0,0.0
NVDA,2021_Q4_nvda_processed.txt,2022-01-31,1,0,0,0.0,0.0,0.0,0.0,0.0,0.0
NVDA,2022_Q1_nvda_processed.txt,2022-05-02,1,0,0,0.0,0.0,0.0,0.0,0.0,0.0
NVDA,2022_Q2_nvda_processed.txt,2022-08-01,1,0,0,0.0,0.0,0.0,0.0,0.0,0.0
NVDA,2022_Q3_nvda_processed.txt,2022-10-31,1,0,0,0.0,0.0,0.0,0.0,0.0,0.0
NVDA,2022_Q4_nvda_processed.txt,2023-01-31,1,0,0,0.0,0.0,0.0,0.0,0.0,0.0
NVDA,2023_Q1_nvda_processed.txt,2023-05-01,1,0,0,0.0,0.0,0.0,0.0,0.0,0.0
NVDA,2023_Q2_nvda_processed.txt,2023-07-31,1,0,0,0.0,0.0,0.0,0.0,0.0,0.0
NVDA,2023_Q3_nvda_processed.txt,2023-10-31,1,0,0,0.0,0.0,0.0,0.0,0.0,0.0
NVDA,2023_Q4_nvda_processed.txt,2024-01-31,1,0,0,0.0,0.0,0.0,0.0,0.0,0.0
NVDA,2024_Q1_nvda_processed.txt,2024-04-30,1,0,0,0.0,0.0,0.0,0.0,0.0,0.0
NVDA,2024_Q2_nvda_processed.txt,2024-07-31,1,0,0,0.0,0.0,0.0,0.0,0.0,0.0
NVDA,2024_Q3_nvda_processed.txt,2024-10-31,1,0,0,0.0,0.0,0.0,0.0,0.0,0.0
NVDA,2024_Q4_nvda_processed.txt,2025-01-31,1,0,0,0.0,0.0,0.0,0.0,0.0,0.0
NVDA,2025_Q1_nvda_processed.txt,2025-04-30,1,0,0,0.0,0.0,0.0,0.0,0.0,0.0
NVDA,2025_Q2_nvda_processed.txt,2025-07-31,1,0,0,0.0,0.0,0.0,0.0,0.0,0.0
ORCL,2018_Q3_orcl_processed.txt,2018-10-31,1,0,0,0.0,0.0,0.0,0.0,0.0,0.0
ORCL,2018_Q4_orcl_processed.txt,2019-01-31,1,0,0,0.0,0.0,0.0,0.0,0.0,0.0
ORCL,2019_Q1_orcl_processed.txt,2019-04-30,1,0,0,0.0,0.0,0.0,0.0,0.0,0.0
ORCL,2019_Q2_orcl_processed.txt,2019-07-31,1,0,0,0.0,0.0,0.0,0.0,0.0,0.0
ORCL,2019_Q3_orcl_processed.txt,2019-10-31,1,0,0,0.0,0.0,0.0,0.0,0.0,0.0
ORCL,2019_Q4_orcl_processed.txt,2020-01-31,1,0,0,0.0,0.0,0.0,0.0,0.0,0.0
ORCL,2020_Q1_orcl_processed.txt,2020-04-30,1,0,0,0.0,0.0,0.0,0.0,0.0,0.0
ORCL,2020_Q2_orcl_processed.txt,2020-07-31,1,0,0,0.0,0.0,0.0,0.0,0.0,0.0
ORCL,2020_Q3_orcl_processed.txt,2020-11-02,1,0,0,0.0,0.0,0.0,0.0,0.0,0.0
ORCL,2020_Q4_orcl_processed.txt,2021-02-01,1,0,0,0.0,0.0,0.0,0.0,0.0,0.0
ORCL,2021_Q1_orcl_processed.txt,2021-04-30,1,0,0,0.0,0.0,0.0,0.0,0.0,0.0
ORCL,2021_Q2_orcl_processed.txt,2021-08-02,1,0,0,0.0,0.0,0.0,0.0,0.0,0.0
ORCL,2021_Q3_orcl_processed.txt,2021-11-01,1,0,0,0.0,0.0,0.0,0.0,0.0,0.0
ORCL,2021_Q4_orcl_processed.txt,2022-01-31,1,0,0,0.0,0.0,0.0,0.0,0.0,0.0
ORCL,2022_Q1_orcl_processed.txt,2022-05-02,1,0,0,0.0,0.0,0.0,0.0,0.0,0.0
ORCL,2022_Q2_orcl_processed.txt,2022-08-01,1,0,0,0.0,0.0,0.0,0.0,0.0,0.0
ORCL,2022_Q3_orcl_processed.txt,2022-10-31,1,0,0,0.0,0.0,0.0,0.0,0.0,0.0
ORCL,2022_Q4_orcl_processed.txt,2023-01-31,1,0,0,0.0,0.0,0.0,0.0,0.0,0.0
ORCL,2023_Q1_orcl_processed.txt,2023-05-01,1,0,0,0.0,0.0,0.0,0.0,0.0,0.0
ORCL,2023_Q2_orcl_processed.txt,2023-07-31,1,0,0,0.0,0.0,0.0,0.0,0.0,0.0
ORCL,2023_Q3_orcl_processed.txt,2023-10-31,1,0,0,0.0,0.0,0.0,0.0,0.0,0.0
ORCL,2023_Q4_orcl_processed.txt,2024-01-31,1,0,0,0.0,0.0,0.0,0.0,0.0,0.0
ORCL,2024_Q1_orcl_processed.txt,2024-04-30,1,0,0,0.0,0.0,0.0,0.0,0.0,0.0
ORCL,2024_Q2_orcl_processed.txt,2024-07-31,1,0,0,0.0,0.0,0.0,0.0,0.0,0.0
ORCL,2024_Q3_orcl_processed.txt,2024-10-31,1,0,0,0.0,0.0,0.0,0.0,0.0,0.0
ORCL,2024_Q4_orcl_processed.txt,2025-01-31,1,0,0,0.0,0.0,0.0,0.0,0.0,0.0
ORCL,2025_Q1_orcl_processed.txt,2025-04-30,1,0,0,0.0,0.0,0.0,0.0,0.0,0.0
PYPL,2017_Q4_pypl_processed.txt,2018-01-31,1,0,0,0.0,0.0,0.0,0.0,0.0,0.0
PYPL,2018_Q1_pypl_processed.txt,2018-04-30,1,0,0,0.0,0.0,0.0,0.0,0.0,0.0
PYPL,2018_Q2_pypl_processed.txt,2018-07-31,1,0,0,0.0,0.0,0.0,0.0,0.0,0.0
PYPL,2018_Q3_pypl_processed.txt,2018-10-31,1,0,0,0.0,0.0,0.0,0.0,0.0,0.0
PYPL,2018_Q4_pypl_processed.txt,2019-01-31,1,0,0,0.0,0.0,0.0,0.0,0.0,0.0
PYPL,2019_Q1_pypl_processed.txt,2019-04-30,1,0,0,0.0,0.0,0.0,0.0,0.0,0.0
PYPL,2019_Q2_pypl_processed.txt,2019-07-31,1,0,0,0.0,0.0,0.0,0.0,0.0,0.0
PYPL,2019_Q3_pypl_processed.txt,2019-10-31,1,0,0,0.0,0.0,0.0,0.0,0.0,0.0
PYPL,2019_Q4_pypl_processed.txt,2020-01-31,1,0,0,0.0,0.0,0.0,0.0,0.0,0.0
PYPL,2020_Q1_pypl_processed.txt,2020-04-30,1,0,0,0.0,0.0,0.0,0.0,0.0,0.0
PYPL,2020_Q2_pypl_processed.txt,2020-07-31,1,0,0,0.0,0.0,0.0,0.0,0.0,0.0
PYPL,2020_Q3_pypl_processed.txt,2020-11-02,1,0,0,0.0,0.0,0.0,0.0,0.0,0.0
PYPL,2020_Q4_pypl_processed.txt,2021-02-01,1,0,0,0.0,0.0,0.0,0.0,0.0,0.0
PYPL,2021_Q1_pypl_processed.txt,2021-04-30,1,0,0,0.0,0.0,0.0,0.0,0.0,0.0
PYPL,2021_Q2_pypl_processed.txt,2021-08-02,1,0,0,0.0,0.0,0.0,0.0,0.0,0.0
PYPL,2021_Q3_pypl_processed.txt,2021-11-01,1,0,0,0.0,0.0,0.0,0.0,0.0,0.0
PYPL,2021_Q4_pypl_processed.txt,2022-01-31,1,0,0,0.0,0.0,0.0,0.0,0.0,0.0
PYPL,2022_Q1_pypl_processed.txt,2022-05-02,1,0,0,0.0,0.0,0.0,0.0,0.0,0.0
PYPL,2022_Q2_pypl_processed.txt,2022-08-01,1,0,0,0.0,0.0,0.0,0.0,0.0,0.0
PYPL,2022_Q3_pypl_processed.txt,2022-10-31,1,0,0,0.0,0.0,0.0,0.0,0.0,0.0
PYPL,2022_Q4_pypl_processed.txt,2023-01-31,1,0,0,0.0,0.0,0.0,0.0,0.0,0.0
PYPL,2023_Q1_pypl_processed.txt,2023-05-01,1,0,0,0.0,0.0,0.0,0.0,0.0,0.0
PYPL,2023_Q2_pypl_processed.txt,2023-07-31,1,0,0,0.0,0.0,0.0,0.0,0.0,0.0
PYPL,2023_Q3_pypl_processed.txt,2023-10-31,1,0,0,0.0,0.0,0.0,0.0,0.0,0.0
PYPL,2023_Q4_pypl_processed.txt,2024-01-31,1,0,0,0.0,0.0,0.0,0.0,0.0,0.0
PYPL,2024_Q1_pypl_processed.txt,2024-04-30,1,0,0,0.0,0.0,0.0,0.0,0.0,0.0
PYPL,2024_Q2_pypl_processed.txt,2024-07-31,1,0,0,0.0,0.0,0.0,0.0,0.0,0.0
