ticker,term,mean_tfidf
AAPL,tfidf_sync id,0.059906293470651024
AAPL,tfidf_id,0.05596635838610902
AAPL,tfidf_sync,0.05279633531721836
AAPL,tfidf_id time,0.047838814973305804
AAPL,tfidf_inc,0.036389327570346415
AAPL,tfidf_time,0.032678404695668455
AAPL,tfidf_director,0.031021072765687517
AAPL,tfidf_co,0.030695197752496656
AAPL,tfidf_analyst,0.030296702375257095
AAPL,tfidf_china,0.030198023235736223
ACN,tfidf_bookings,0.09238488438101165
ACN,tfidf_fiscal,0.08635127303150378
ACN,tfidf_clients,0.08620980547660263
ACN,tfidf_growth,0.07309246278301725
ACN,tfidf_year,0.07224157976888598
ACN,tfidf_currency,0.07071119765874556
ACN,tfidf_quarter,0.07029286799582558
ACN,tfidf_about,0.06904575612120997
ACN,tfidf_just,0.06896894186240805
ACN,tfidf_services,0.06838249683402582
ADBE,tfidf_ability,0.0
ADBE,tfidf_able,0.0
ADBE,tfidf_about,0.0
ADBE,tfidf_across,0.0
ADBE,tfidf_activity,0.0
ADBE,tfidf_actually,0.0
ADBE,tfidf_add,0.0
ADBE,tfidf_additional,0.0
ADBE,tfidf_after,0.0
ADBE,tfidf_again,0.0
AMD,tfidf_president,0.04512828443012551
AMD,tfidf_inc,0.039105765066015666
AMD,tfidf_devices,0.037195997105188644
AMD,tfidf_analyst,0.0349287514810975
AMD,tfidf_operator,0.034597789659706814
AMD,tfidf_year,0.03335564242170075
AMD,tfidf_ceo,0.033217384606779615
AMD,tfidf_think,0.032569096331279974
AMD,tfidf_data center,0.03230901593880225
AMD,tfidf_quarter,0.0321044114418278
AMZN,tfidf_inc,0.04473184154520984
AMZN,tfidf_operator,0.039542513693763735
AMZN,tfidf_we're,0.03600084711142957
AMZN,tfidf_year,0.03483378634440586
AMZN,tfidf_operator next,0.03379245423329369
AMZN,tfidf_analyst,0.03373797479525649
AMZN,tfidf_cfo,0.033719008325058086
AMZN,tfidf_about,0.033064737249276895
AMZN,tfidf_customers,0.032656539329180403
AMZN,tfidf_just,0.03236054272448946
BKNG,tfidf_ability,0.0
BKNG,tfidf_able,0.0
BKNG,tfidf_about,0.0
BKNG,tfidf_across,0.0
BKNG,tfidf_activity,0.0
BKNG,tfidf_actually,0.0
BKNG,tfidf_add,0.0
BKNG,tfidf_additional,0.0
BKNG,tfidf_after,0.0
BKNG,tfidf_again,0.0
COST,tfidf_ability,0.0
COST,tfidf_able,0.0
COST,tfidf_about,0.0
COST,tfidf_across,0.0
COST,tfidf_activity,0.0
COST,tfidf_actually,0.0
COST,tfidf_add,0.0
COST,tfidf_additional,0.0
COST,tfidf_after,0.0
COST,tfidf_again,0.0
CRM,tfidf_ability,0.0
CRM,tfidf_able,0.0
CRM,tfidf_about,0.0
CRM,tfidf_across,0.0
CRM,tfidf_activity,0.0
CRM,tfidf_actually,0.0
CRM,tfidf_add,0.0
CRM,tfidf_additional,0.0
CRM,tfidf_after,0.0
CRM,tfidf_again,0.0
CSCO,tfidf_inc,0.04733514799665696
CSCO,tfidf_systems,0.04104175468260069
CSCO,tfidf_security,0.03942610923354069
CSCO,tfidf_operator,0.03652891976112306
CSCO,tfidf_thanks,0.03509148565144068
CSCO,tfidf_cloud,0.034892278184741145
CSCO,tfidf_software,0.03471726593208988
CSCO,tfidf_think,0.034332606268480934
CSCO,tfidf_customers,0.03350072813131231
CSCO,tfidf_we're,0.03346293102886475
GOOGL,tfidf_google,0.055359464990207566
GOOGL,tfidf_inc,0.036459269505854035
GOOGL,tfidf_cloud,0.033515422314275733
GOOGL,tfidf_mobile,0.03330181889871667
GOOGL,tfidf_operator,0.03268465171688851
GOOGL,tfidf_year,0.032643420725457555
GOOGL,tfidf_about,0.030099203951265172
GOOGL,tfidf_quarter,0.029740213338836304
GOOGL,tfidf_learning,0.029473408200308346
GOOGL,tfidf_think,0.02942865833463744
IBM,tfidf_ai,0.004412604349824382
IBM,tfidf_clients,0.0038160203536953337
IBM,tfidf_software,0.003648571896587896
IBM,tfidf_currency,0.003534157170889467
IBM,tfidf_free cash,0.0035051077854420963
IBM,tfidf_revenue,0.003447732040676363
IBM,tfidf_year,0.0033063202915961337
IBM,tfidf_constant,0.0032972666502371372
IBM,tfidf_cloud,0.0032970857401585737
IBM,tfidf_growth,0.0032748094739119965
INTC,tfidf_corporation,0.12454224150906242
INTC,tfidf_nanometer,0.11122844733452808
INTC,tfidf_memory,0.0929692001173263
INTC,tfidf_year,0.09110610937027816
INTC,tfidf_data center,0.08636599274374153
INTC,tfidf_operator,0.08147878358043088
INTC,tfidf_nand,0.07713474043995046
INTC,tfidf_data,0.07635243344968147
INTC,tfidf_we're,0.07528104692319929
INTC,tfidf_cloud,0.07428837325539055
LULU,tfidf_ability,0.0
LULU,tfidf_able,0.0
LULU,tfidf_about,0.0
LULU,tfidf_across,0.0
LULU,tfidf_activity,0.0
LULU,tfidf_actually,0.0
LULU,tfidf_add,0.0
LULU,tfidf_additional,0.0
LULU,tfidf_after,0.0
LULU,tfidf_again,0.0
META,tfidf_ability,0.0
META,tfidf_able,0.0
META,tfidf_about,0.0
META,tfidf_across,0.0
META,tfidf_activity,0.0
META,tfidf_actually,0.0
META,tfidf_add,0.0
META,tfidf_additional,0.0
META,tfidf_after,0.0
META,tfidf_again,0.0
MSFT,tfidf_corporation,0.043315189947727345
MSFT,tfidf_constant,0.040788448442075464
MSFT,tfidf_cloud,0.03768559004659307
MSFT,tfidf_currency,0.03732494550151424
MSFT,tfidf_commercial,0.033529476426496646
MSFT,tfidf_gaming,0.03274952599443873
MSFT,tfidf_gross margin,0.03218184900598896
MSFT,tfidf_revenue,0.031368028483715775
MSFT,tfidf_growth,0.030500005477827517
MSFT,tfidf_thank,0.03006270246345357
MU,tfidf_dram,0.14744896272351146
MU,tfidf_nand,0.14569897830747594
MU,tfidf_fiscal,0.10210344442092784
MU,tfidf_inc,0.101136528648508
MU,tfidf_director,0.08804325338917199
MU,tfidf_memory,0.0879301250995446
MU,tfidf_technology,0.08506998957369463
MU,tfidf_analyst,0.0846060349406708
MU,tfidf_mobile,0.08311020708314343
MU,tfidf_operator,0.08071304984871412
NVDA,tfidf_gaming,0.053337321875794874
NVDA,tfidf_corporation,0.05044089182334092
NVDA,tfidf_computing,0.04783717693473153
NVDA,tfidf_ai,0.043057429453658945
NVDA,tfidf_president,0.04231317155846186
NVDA,tfidf_learning,0.038041575811333085
NVDA,tfidf_data center,0.03756624954898418
NVDA,tfidf_operator,0.03624962362875926
NVDA,tfidf_software,0.03544769542320277
NVDA,tfidf_data,0.035108696764924
ORCL,tfidf_ability,0.0
ORCL,tfidf_able,0.0
ORCL,tfidf_about,0.0
ORCL,tfidf_across,0.0
ORCL,tfidf_activity,0.0
ORCL,tfidf_actually,0.0
ORCL,tfidf_add,0.0
ORCL,tfidf_additional,0.0
ORCL,tfidf_after,0.0
ORCL,tfidf_again,0.0
PYPL,tfidf_ability,0.0
PYPL,tfidf_able,0.0
PYPL,tfidf_about,0.0
PYPL,tfidf_across,0.0
PYPL,tfidf_activity,0.0
PYPL,tfidf_actually,0.0
PYPL,tfidf_add,0.0
PYPL,tfidf_additional,0.0
PYPL,tfidf_after,0.0
PYPL,tfidf_again,0.0
